"SKU","Brand","Model","Series","Status"
"CAN-T10-K","Canon","Image Class XMF1538","T10","parsed"
"CAN-T10-K","Canon","LBP1538 Image Runner C1533","T10","parsed"
"CAN-T10-K","Canon","C1538","T10","parsed"
"CAN-T10-C","Canon","Image Class XMF1538","T10","parsed"
"CAN-T10-C","Canon","LBP1538 Image Runner C1533","T10","parsed"
"CAN-T10-C","Canon","C1538","T10","parsed"
"CAN-T10-M","Canon","Image Class XMF1538","T10","parsed"
"CAN-T10-M","Canon","LBP1538 Image Runner C1533","T10","parsed"
"CAN-T10-M","Canon","C1538","T10","parsed"
"CAN-T10-Y","Canon","Image Class XMF1538","T10","parsed"
"CAN-T10-Y","Canon","LBP1538 Image Runner C1533","T10","parsed"
"CAN-T10-Y","Canon","C1538","T10","parsed"
"BRO-TN279XL-K","Brother","HL-L3280CDW","TN 279XL","parsed"
"BRO-TN279XL-K","Brother","DCP-L3520cdw","TN 279XL","parsed"
"BRO-TN279XL-K","Brother","MFC-L3720cdw","TN 279XL","parsed"
"BRO-TN279XL-K","Brother","L8390CDW","TN 279XL","parsed"
"BRO-TN279XL-C","Brother","HL-L3280CDW","TN 279XL","parsed"
"BRO-TN279XL-C","Brother","DCP-L3520cdw","TN 279XL","parsed"
"BRO-TN279XL-C","Brother","MFC-L3720cdw","TN 279XL","parsed"
"BRO-TN279XL-C","Brother","L8390CDW","TN 279XL","parsed"
"BRO-TN279XL-M","Brother","HL-L3280CDW","TN 279XL","parsed"
"BRO-TN279XL-M","Brother","DCP-L3520cdw","TN 279XL","parsed"
"BRO-TN279XL-M","Brother","MFC-L3720cdw","TN 279XL","parsed"
"BRO-TN279XL-M","Brother","L8390CDW","TN 279XL","parsed"
"BRO-TN279XL-Y","Brother","HL-L3280CDW","TN 279XL","parsed"
"BRO-TN279XL-Y","Brother","DCP-L3520cdw","TN 279XL","parsed"
"BRO-TN279XL-Y","Brother","MFC-L3720cdw","TN 279XL","parsed"
"BRO-TN279XL-Y","Brother","L8390CDW","TN 279XL","parsed"
"CAN-064H-K","Canon","MF735cx","064H","parsed"
"CAN-064H-K","Canon","MF832Cdw","064H","parsed"
"CAN-064H-K","Canon","LBP722Cdw","064H","parsed"
"CAN-064H-C","Canon","MF735cx","064H","parsed"
"CAN-064H-C","Canon","MF832Cdw","064H","parsed"
"CAN-064H-C","Canon","LBP722Cdw","064H","parsed"
"CAN-064H-M","Canon","MF735cx","064H","parsed"
"CAN-064H-M","Canon","MF832Cdw","064H","parsed"
"CAN-064H-M","Canon","LBP722Cdw","064H","parsed"
"CAN-064H-Y","Canon","MF735cx","064H","parsed"
"CAN-064H-Y","Canon","MF832Cdw","064H","parsed"
"CAN-064H-Y","Canon","LBP722Cdw","064H","parsed"
"CAN-067H-K","Canon","MF654","067H","parsed"
"CAN-067H-K","Canon","MF651","067H","parsed"
"CAN-067H-K","Canon","MF655cdw","067H","parsed"
"CAN-067H-K","Canon","656cdw","067H","parsed"
"CAN-067H-K","Canon","657cdw","067H","parsed"
"CAN-067H-C","Canon","MF654","067H","parsed"
"CAN-067H-C","Canon","MF651","067H","parsed"
"CAN-067H-C","Canon","MF655cdw","067H","parsed"
"CAN-067H-C","Canon","656cdw","067H","parsed"
"CAN-067H-C","Canon","657cdw","067H","parsed"
"CAN-067H-M","Canon","MF654","067H","parsed"
"CAN-067H-M","Canon","MF651","067H","parsed"
"CAN-067H-M","Canon","MF655cdw","067H","parsed"
"CAN-067H-M","Canon","656cdw","067H","parsed"
"CAN-067H-M","Canon","657cdw","067H","parsed"
"CAN-067H-Y","Canon","MF654","067H","parsed"
"CAN-067H-Y","Canon","MF651","067H","parsed"
"CAN-067H-Y","Canon","MF655cdw","067H","parsed"
"CAN-067H-Y","Canon","656cdw","067H","parsed"
"CAN-067H-Y","Canon","657cdw","067H","parsed"
"CAN-069H-K","Canon","673Cdw","069H","parsed"
"CAN-069H-K","Canon","674Cx","069H","parsed"
"CAN-069H-K","Canon","752Cd","069H","parsed"
"CAN-069H-K","Canon","756Cx","069H","parsed"
"CAN-069H-C","Canon","673Cdw","069H","parsed"
"CAN-069H-C","Canon","674Cx","069H","parsed"
"CAN-069H-C","Canon","752Cd","069H","parsed"
"CAN-069H-C","Canon","756Cx","069H","parsed"
"CAN-069H-M","Canon","673Cdw","069H","parsed"
"CAN-069H-M","Canon","674Cx","069H","parsed"
"CAN-069H-M","Canon","752Cd","069H","parsed"
"CAN-069H-M","Canon","756Cx","069H","parsed"
"CAN-069H-Y","Canon","673Cdw","069H","parsed"
"CAN-069H-Y","Canon","674Cx","069H","parsed"
"CAN-069H-Y","Canon","752Cd","069H","parsed"
"CAN-069H-Y","Canon","756Cx","069H","parsed"
"HP-222A-K","HP","Pro 3288dw","222A","parsed"
"HP-222A-K","HP","3388sdw","222A","parsed"
"HP-222A-K","HP","3388fdn","222A","parsed"
"HP-222A-K","HP","3388fdw","222A","parsed"
"HP-222A-C","HP","Pro 3288dw","222A","parsed"
"HP-222A-C","HP","3388sdw","222A","parsed"
"HP-222A-C","HP","3388fdn","222A","parsed"
"HP-222A-C","HP","3388fdw","222A","parsed"
"HP-222A-M","HP","Pro 3288dw","222A","parsed"
"HP-222A-M","HP","3388sdw","222A","parsed"
"HP-222A-M","HP","3388fdn","222A","parsed"
"HP-222A-M","HP","3388fdw","222A","parsed"
"HP-222A-Y","HP","Pro 3288dw","222A","parsed"
"HP-222A-Y","HP","3388sdw","222A","parsed"
"HP-222A-Y","HP","3388fdn","222A","parsed"
"HP-222A-Y","HP","3388fdw","222A","parsed"
"PAN-CTL2000H-K","Pantum","CP1100","CTL 2000H","parsed"
"PAN-CTL2000H-K","Pantum","CM1100","CTL 2000H","parsed"
"PAN-CTL2000H-C","Pantum","CP1100","CTL 2000H","parsed"
"PAN-CTL2000H-C","Pantum","CM1100","CTL 2000H","parsed"
"PAN-CTL2000H-M","Pantum","CP1100","CTL 2000H","parsed"
"PAN-CTL2000H-M","Pantum","CM1100","CTL 2000H","parsed"
"PAN-CTL2000H-Y","Pantum","CP1100","CTL 2000H","parsed"
"PAN-CTL2000H-Y","Pantum","CM1100","CTL 2000H","parsed"
"BRO-TN279-K","Brother","HL-L3280CDW","TN 279","parsed"
"BRO-TN279-K","Brother","DCP-L3520cdw","TN 279","parsed"
"BRO-TN279-K","Brother","MFC-L3720cdw","TN 279","parsed"
"BRO-TN279-C","Brother","HL-L3280CDW","TN 279","parsed"
"BRO-TN279-C","Brother","DCP-L3520cdw","TN 279","parsed"
"BRO-TN279-C","Brother","MFC-L3720cdw","TN 279","parsed"
"BRO-TN279-M","Brother","HL-L3280CDW","TN 279","parsed"
"BRO-TN279-M","Brother","DCP-L3520cdw","TN 279","parsed"
"BRO-TN279-M","Brother","MFC-L3720cdw","TN 279","parsed"
"BRO-TN279-Y","Brother","HL-L3280CDW","TN 279","parsed"
"BRO-TN279-Y","Brother","DCP-L3520cdw","TN 279","parsed"
"BRO-TN279-Y","Brother","MFC-L3720cdw","TN 279","parsed"
"HP-655A-K","HP","Laserjet Enterprise MMG652dn","655A","parsed"
"HP-655A-K","HP","MMG653","655A","parsed"
"HP-655A-K","HP","MMG681","655A","parsed"
"HP-655A-C","HP","Laserjet Enterprise MMG652dn","655A","parsed"
"HP-655A-C","HP","MMG653","655A","parsed"
"HP-655A-C","HP","MMG681","655A","parsed"
"HP-655A-M","HP","Laserjet Enterprise MMG652dn","655A","parsed"
"HP-655A-M","HP","MMG653","655A","parsed"
"HP-655A-M","HP","MMG681","655A","parsed"
"HP-655A-Y","HP","Laserjet Enterprise MMG652dn","655A","parsed"
"HP-655A-Y","HP","MMG653","655A","parsed"
"HP-655A-Y","HP","MMG681","655A","parsed"
"HP-230A-K","HP","Pro MFP 4203dn","230A","parsed"
"HP-230A-K","HP","MFP 4303dn","230A","parsed"
"HP-230A-C","HP","Pro MFP 4203dn","230A","parsed"
"HP-230A-C","HP","MFP 4303dn","230A","parsed"
"HP-230A-M","HP","Pro MFP 4203dn","230A","parsed"
"HP-230A-M","HP","MFP 4303dn","230A","parsed"
"HP-230A-Y","HP","Pro MFP 4203dn","230A","parsed"
"HP-230A-Y","HP","MFP 4303dn","230A","parsed"
"HP-216A-K","HP","Pro MFP M182","216A","parsed"
"HP-216A-K","HP","183","216A","parsed"
"HP-216A-K","HP","M155","216A","parsed"
"HP-216A-C","HP","Pro MFP M182","216A","parsed"
"HP-216A-C","HP","183","216A","parsed"
"HP-216A-C","HP","M155","216A","parsed"
"HP-216A-M","HP","Pro MFP M182","216A","parsed"
"HP-216A-M","HP","183","216A","parsed"
"HP-216A-M","HP","M155","216A","parsed"
"HP-216A-Y","HP","Pro MFP M182","216A","parsed"
"HP-216A-Y","HP","183","216A","parsed"
"HP-216A-Y","HP","M155","216A","parsed"
"GI-4-K","Canon","MAXIFY GX7040","GI-46","parsed"
"GI-4-K","Canon","6040","GI-46","parsed"
"GI-4-C","Canon","MAXIFY GX7040","GI-46","parsed"
"GI-4-C","Canon","6040","GI-46","parsed"
"GI-4-M","Canon","MAXIFY GX7040","GI-46","parsed"
"GI-4-M","Canon","6040","GI-46","parsed"
"GI-4-Y","Canon","MAXIFY GX7040","GI-46","parsed"
"GI-4-Y","Canon","6040","GI-46","parsed"
"HP-728-K","HP","T730 & T830","728","parsed"
"HP-728-C","HP","T730 & T830","728","parsed"
"HP-728-M","HP","T730 & T830","728","parsed"
"HP-728-Y","HP","T730 & T830","728","parsed"
"HP-653A-C","HP","Enterprise M651","653A","parsed"
"HP-653A-C","HP","M680","653A","parsed"
"HP-653A-M","HP","Enterprise M651","653A","parsed"
"HP-653A-M","HP","M680","653A","parsed"
"HP-653A-Y","HP","Enterprise M651","653A","parsed"
"HP-653A-Y","HP","M680","653A","parsed"
"HP-212A-K","HP","Enterprise M555dn","212A","parsed"
"HP-212A-K","HP","M554","212A","parsed"
"HP-212A-K","HP","M578","212A","parsed"
"HP-212A-C","HP","Enterprise M555dn","212A","parsed"
"HP-212A-C","HP","M554","212A","parsed"
"HP-212A-C","HP","M578","212A","parsed"
"HP-212A-M","HP","Enterprise M555dn","212A","parsed"
"HP-212A-M","HP","M554","212A","parsed"
"HP-212A-M","HP","M578","212A","parsed"
"HP-212A-Y","HP","Enterprise M555dn","212A","parsed"
"HP-212A-Y","HP","M554","212A","parsed"
"HP-212A-Y","HP","M578","212A","parsed"
"HP-305XL-K","HP","HP","305 XL","parsed"
"HP-305XL-CLR","HP","HP","305 XL","parsed"
"CAN-067-K","Canon","MF654","067","parsed"
"CAN-067-K","Canon","MF651","067","parsed"
"CAN-067-K","Canon","MF655cdw","067","parsed"
"CAN-067-K","Canon","656cdw","067","parsed"
"CAN-067-K","Canon","657cdw","067","parsed"
"CAN-067-C","Canon","MF654","067","parsed"
"CAN-067-C","Canon","MF651","067","parsed"
"CAN-067-C","Canon","MF655cdw","067","parsed"
"CAN-067-C","Canon","656cdw","067","parsed"
"CAN-067-C","Canon","657cdw","067","parsed"
"CAN-067-M","Canon","MF654","067","parsed"
"CAN-067-M","Canon","MF651","067","parsed"
"CAN-067-M","Canon","MF655cdw","067","parsed"
"CAN-067-M","Canon","656cdw","067","parsed"
"CAN-067-M","Canon","657cdw","067","parsed"
"CAN-067-Y","Canon","MF654","067","parsed"
"CAN-067-Y","Canon","MF651","067","parsed"
"CAN-067-Y","Canon","MF655cdw","067","parsed"
"CAN-067-Y","Canon","656cdw","067","parsed"
"CAN-067-Y","Canon","657cdw","067","parsed"
"EPS-103-K","Epson","Eco Tank L1110","103","parsed"
"EPS-103-K","Epson","3150","103","parsed"
"EPS-103-K","Epson","3110","103","parsed"
"EPS-103-C","Epson","Eco Tank L1110","103","parsed"
"EPS-103-C","Epson","3150","103","parsed"
"EPS-103-C","Epson","3110","103","parsed"
"EPS-103-M","Epson","Eco Tank L1110","103","parsed"
"EPS-103-M","Epson","3150","103","parsed"
"EPS-103-M","Epson","3110","103","parsed"
"EPS-103-Y","Epson","Eco Tank L1110","103","parsed"
"EPS-103-Y","Epson","3150","103","parsed"
"EPS-103-Y","Epson","3110","103","parsed"
"EPS-101-K","Epson","Eco Tank L6160","101","parsed"
"EPS-101-K","Epson","6190","101","parsed"
"EPS-101-K","Epson","4260","101","parsed"
"EPS-101-K","Epson","6260","101","parsed"
"EPS-101-K","Epson","14150","101","parsed"
"EPS-101-C","Epson","Eco Tank L6160","101","parsed"
"EPS-101-C","Epson","6190","101","parsed"
"EPS-101-C","Epson","4260","101","parsed"
"EPS-101-C","Epson","6260","101","parsed"
"EPS-101-C","Epson","14150","101","parsed"
"EPS-101-M","Epson","Eco Tank L6160","101","parsed"
"EPS-101-M","Epson","6190","101","parsed"
"EPS-101-M","Epson","4260","101","parsed"
"EPS-101-M","Epson","6260","101","parsed"
"EPS-101-M","Epson","14150","101","parsed"
"EPS-101-Y","Epson","Eco Tank L6160","101","parsed"
"EPS-101-Y","Epson","6190","101","parsed"
"EPS-101-Y","Epson","4260","101","parsed"
"EPS-101-Y","Epson","6260","101","parsed"
"EPS-101-Y","Epson","14150","101","parsed"
"CAN-069-K","Canon","LBP674","069","parsed"
"CAN-069-K","Canon","MF751","069","parsed"
"CAN-069-K","Canon","MF753CDW","069","parsed"
"CAN-069-C","Canon","LBP674","069","parsed"
"CAN-069-C","Canon","MF751","069","parsed"
"CAN-069-C","Canon","MF753CDW","069","parsed"
"CAN-069-M","Canon","LBP674","069","parsed"
"CAN-069-M","Canon","MF751","069","parsed"
"CAN-069-M","Canon","MF753CDW","069","parsed"
"CAN-069-Y","Canon","LBP674","069","parsed"
"CAN-069-Y","Canon","MF751","069","parsed"
"CAN-069-Y","Canon","MF753CDW","069","parsed"
"CAN-055-K","Canon","MF742","055","parsed"
"CAN-055-K","Canon","744","055","parsed"
"CAN-055-K","Canon","746","055","parsed"
"CAN-055-C","Canon","MF742","055","parsed"
"CAN-055-C","Canon","744","055","parsed"
"CAN-055-C","Canon","746","055","parsed"
"CAN-055-M","Canon","MF742","055","parsed"
"CAN-055-M","Canon","744","055","parsed"
"CAN-055-M","Canon","746","055","parsed"
"CAN-055-Y","Canon","MF742","055","parsed"
"CAN-055-Y","Canon","744","055","parsed"
"CAN-055-Y","Canon","746","055","parsed"
"RIC-SPC430-K","Ricoh","SP C430","SP C430","parsed"
"RIC-SPC430-K","Ricoh","SP C431","SP C430","parsed"
"RIC-SPC430-C","Ricoh","SP C430","SP C430","parsed"
"RIC-SPC430-C","Ricoh","SP C431","SP C430","parsed"
"RIC-SPC430-M","Ricoh","SP C430","SP C430","parsed"
"RIC-SPC430-M","Ricoh","SP C431","SP C430","parsed"
"RIC-SPC430-Y","Ricoh","SP C430","SP C430","parsed"
"RIC-SPC430-Y","Ricoh","SP C431","SP C430","parsed"
"RIC-MPC2003-K","Ricoh","MP C2003","MP C2003","parsed"
"RIC-MPC2003-K","Ricoh","MP C2011","MP C2003","parsed"
"RIC-MPC2003-K","Ricoh","MP C2503","MP C2003","parsed"
"RIC-MPC2003-C","Ricoh","MP C2003","MP C2003","parsed"
"RIC-MPC2003-C","Ricoh","MP C2011","MP C2003","parsed"
"RIC-MPC2003-C","Ricoh","MP C2503","MP C2003","parsed"
"RIC-MPC2003-M","Ricoh","MP C2003","MP C2003","parsed"
"RIC-MPC2003-M","Ricoh","MP C2011","MP C2003","parsed"
"RIC-MPC2003-M","Ricoh","MP C2503","MP C2003","parsed"
"RIC-MPC2003-Y","Ricoh","MP C2003","MP C2003","parsed"
"RIC-MPC2003-Y","Ricoh","MP C2011","MP C2003","parsed"
"RIC-MPC2003-Y","Ricoh","MP C2503","MP C2003","parsed"
"RIC-MPC2503-K","Ricoh","MP C2003","MP C2503","parsed"
"RIC-MPC2503-K","Ricoh","MP C2011","MP C2503","parsed"
"RIC-MPC2503-K","Ricoh","MP C2503","MP C2503","parsed"
"RIC-MPC2503-C","Ricoh","MP C2003","MP C2503","parsed"
"RIC-MPC2503-C","Ricoh","MP C2011","MP C2503","parsed"
"RIC-MPC2503-C","Ricoh","MP C2503","MP C2503","parsed"
"RIC-MPC2503-M","Ricoh","MP C2003","MP C2503","parsed"
"RIC-MPC2503-M","Ricoh","MP C2011","MP C2503","parsed"
"RIC-MPC2503-M","Ricoh","MP C2503","MP C2503","parsed"
"RIC-MPC2503-Y","Ricoh","MP C2003","MP C2503","parsed"
"RIC-MPC2503-Y","Ricoh","MP C2011","MP C2503","parsed"
"RIC-MPC2503-Y","Ricoh","MP C2503","MP C2503","parsed"
"BRO-TN469-K","Brother","Brother HL-8360CDW","TN 469","parsed"
"BRO-TN469-K","Brother","MFC-8690CDW","TN 469","parsed"
"BRO-TN469-K","Brother","MFC-9570CDW","TN 469","parsed"
"BRO-TN469-C","Brother","Brother HL-8360CDW","TN 469","parsed"
"BRO-TN469-C","Brother","MFC-8690CDW","TN 469","parsed"
"BRO-TN469-C","Brother","MFC-9570CDW","TN 469","parsed"
"BRO-TN469-M","Brother","Brother HL-8360CDW","TN 469","parsed"
"BRO-TN469-M","Brother","MFC-8690CDW","TN 469","parsed"
"BRO-TN469-M","Brother","MFC-9570CDW","TN 469","parsed"
"BRO-TN469-Y","Brother","Brother HL-8360CDW","TN 469","parsed"
"BRO-TN469-Y","Brother","MFC-8690CDW","TN 469","parsed"
"BRO-TN469-Y","Brother","MFC-9570CDW","TN 469","parsed"
"KYO-TK5270-K","Kyocera","Ecosys M6230","TK 5270","parsed"
"KYO-TK5270-K","Kyocera","M6630","TK 5270","parsed"
"KYO-TK5270-K","Kyocera","P6230","TK 5270","parsed"
"KYO-TK5270-C","Kyocera","Ecosys M6230","TK 5270","parsed"
"KYO-TK5270-C","Kyocera","M6630","TK 5270","parsed"
"KYO-TK5270-C","Kyocera","P6230","TK 5270","parsed"
"KYO-TK5270-M","Kyocera","Ecosys M6230","TK 5270","parsed"
"KYO-TK5270-M","Kyocera","M6630","TK 5270","parsed"
"KYO-TK5270-M","Kyocera","P6230","TK 5270","parsed"
"KYO-TK5270-Y","Kyocera","Ecosys M6230","TK 5270","parsed"
"KYO-TK5270-Y","Kyocera","M6630","TK 5270","parsed"
"KYO-TK5270-Y","Kyocera","P6230","TK 5270","parsed"
"PAN-CTL1100-K","Pantum","CP1100","CTL 1100","parsed"
"PAN-CTL1100-K","Pantum","CM1100","CTL 1100","parsed"
"PAN-CTL1100-C","Pantum","CP1100","CTL 1100","parsed"
"PAN-CTL1100-C","Pantum","CM1100","CTL 1100","parsed"
"PAN-CTL1100-M","Pantum","CP1100","CTL 1100","parsed"
"PAN-CTL1100-M","Pantum","CM1100","CTL 1100","parsed"
"PAN-CTL1100-Y","Pantum","CP1100","CTL 1100","parsed"
"PAN-CTL1100-Y","Pantum","CM1100","CTL 1100","parsed"
"CAN-EXV49-K","Canon","C3325","EXV 49","parsed"
"CAN-EXV49-K","Canon","C3320","EXV 49","parsed"
"CAN-EXV49-K","Canon","C3330","EXV 49","parsed"
"CAN-EXV49-K","Canon","C3520","EXV 49","parsed"
"CAN-EXV49-K","Canon","C3525","EXV 49","parsed"
"CAN-EXV49-C","Canon","C3325","EXV 49","parsed"
"CAN-EXV49-C","Canon","C3320","EXV 49","parsed"
"CAN-EXV49-C","Canon","C3330","EXV 49","parsed"
"CAN-EXV49-C","Canon","C3520","EXV 49","parsed"
"CAN-EXV49-C","Canon","C3525","EXV 49","parsed"
"CAN-EXV49-M","Canon","C3325","EXV 49","parsed"
"CAN-EXV49-M","Canon","C3320","EXV 49","parsed"
"CAN-EXV49-M","Canon","C3330","EXV 49","parsed"
"CAN-EXV49-M","Canon","C3520","EXV 49","parsed"
"CAN-EXV49-M","Canon","C3525","EXV 49","parsed"
"CAN-EXV49-Y","Canon","C3325","EXV 49","parsed"
"CAN-EXV49-Y","Canon","C3320","EXV 49","parsed"
"CAN-EXV49-Y","Canon","C3330","EXV 49","parsed"
"CAN-EXV49-Y","Canon","C3520","EXV 49","parsed"
"CAN-EXV49-Y","Canon","C3525","EXV 49","parsed"
"RIC-MPC2011-K","Ricoh","MP C2003","MP C2011","parsed"
"RIC-MPC2011-K","Ricoh","MP C2011","MP C2011","parsed"
"RIC-MPC2011-K","Ricoh","MP C2503","MP C2011","parsed"
"RIC-MPC2011-C","Ricoh","MP C2003","MP C2011","parsed"
"RIC-MPC2011-C","Ricoh","MP C2011","MP C2011","parsed"
"RIC-MPC2011-C","Ricoh","MP C2503","MP C2011","parsed"
"RIC-MPC2011-M","Ricoh","MP C2003","MP C2011","parsed"
"RIC-MPC2011-M","Ricoh","MP C2011","MP C2011","parsed"
"RIC-MPC2011-M","Ricoh","MP C2503","MP C2011","parsed"
"RIC-MPC2011-Y","Ricoh","MP C2003","MP C2011","parsed"
"RIC-MPC2011-Y","Ricoh","MP C2011","MP C2011","parsed"
"RIC-MPC2011-Y","Ricoh","MP C2503","MP C2011","parsed"
"RIC-MP306-K","Ricoh","MP C306","MP 306","parsed"
"RIC-MP306-K","Ricoh","MP C406","MP 306","parsed"
"RIC-MP306-K","Ricoh","MP C307","MP 306","parsed"
"RIC-MP306-K","Ricoh","MP C407","MP 306","parsed"
"RIC-MP306-C","Ricoh","MP C306","MP 306","parsed"
"RIC-MP306-C","Ricoh","MP C406","MP 306","parsed"
"RIC-MP306-C","Ricoh","MP C307","MP 306","parsed"
"RIC-MP306-C","Ricoh","MP C407","MP 306","parsed"
"RIC-MP306-M","Ricoh","MP C306","MP 306","parsed"
"RIC-MP306-M","Ricoh","MP C406","MP 306","parsed"
"RIC-MP306-M","Ricoh","MP C307","MP 306","parsed"
"RIC-MP306-M","Ricoh","MP C407","MP 306","parsed"
"RIC-MP306-Y","Ricoh","MP C306","MP 306","parsed"
"RIC-MP306-Y","Ricoh","MP C406","MP 306","parsed"
"RIC-MP306-Y","Ricoh","MP C307","MP 306","parsed"
"RIC-MP306-Y","Ricoh","MP C407","MP 306","parsed"
"KM-TN321-K","Konica Minolta","Bizhub C224","TN 321","parsed"
"KM-TN321-K","Konica Minolta","C224e","TN 321","parsed"
"KM-TN321-K","Konica Minolta","C284","TN 321","parsed"
"KM-TN321-K","Konica Minolta","C284e","TN 321","parsed"
"KM-TN321-K","Konica Minolta","C364","TN 321","parsed"
"KM-TN321-K","Konica Minolta","C364e","TN 321","parsed"
"KM-TN321-K","Konica Minolta","C227","TN 321","parsed"
"KM-TN321-K","Konica Minolta","C287","TN 321","parsed"
"KM-TN321-C","Konica Minolta","Bizhub C224","TN 321","parsed"
"KM-TN321-C","Konica Minolta","C224e","TN 321","parsed"
"KM-TN321-C","Konica Minolta","C284","TN 321","parsed"
"KM-TN321-C","Konica Minolta","C284e","TN 321","parsed"
"KM-TN321-C","Konica Minolta","C364","TN 321","parsed"
"KM-TN321-C","Konica Minolta","C364e","TN 321","parsed"
"KM-TN321-C","Konica Minolta","C227","TN 321","parsed"
"KM-TN321-C","Konica Minolta","C287","TN 321","parsed"
"KM-TN321-M","Konica Minolta","Bizhub C224","TN 321","parsed"
"KM-TN321-M","Konica Minolta","C224e","TN 321","parsed"
"KM-TN321-M","Konica Minolta","C284","TN 321","parsed"
"KM-TN321-M","Konica Minolta","C284e","TN 321","parsed"
"KM-TN321-M","Konica Minolta","C364","TN 321","parsed"
"KM-TN321-M","Konica Minolta","C364e","TN 321","parsed"
"KM-TN321-M","Konica Minolta","C227","TN 321","parsed"
"KM-TN321-M","Konica Minolta","C287","TN 321","parsed"
"KM-TN321-Y","Konica Minolta","Bizhub C224","TN 321","parsed"
"KM-TN321-Y","Konica Minolta","C224e","TN 321","parsed"
"KM-TN321-Y","Konica Minolta","C284","TN 321","parsed"
"KM-TN321-Y","Konica Minolta","C284e","TN 321","parsed"
"KM-TN321-Y","Konica Minolta","C364","TN 321","parsed"
"KM-TN321-Y","Konica Minolta","C364e","TN 321","parsed"
"KM-TN321-Y","Konica Minolta","C227","TN 321","parsed"
"KM-TN321-Y","Konica Minolta","C287","TN 321","parsed"
"KM-TN512-K","Konica Minolta","454 E","TN 512","parsed"
"KM-TN512-K","Konica Minolta","554 E","TN 512","parsed"
"KM-TN512-K","Konica Minolta","C 258","TN 512","parsed"
"KM-TN512-K","Konica Minolta","C 308","TN 512","parsed"
"KM-TN512-K","Konica Minolta","C 368","TN 512","parsed"
"KM-TN512-K","Konica Minolta","C 454","TN 512","parsed"
"KM-TN512-K","Konica Minolta","bizhub C454","TN 512","parsed"
"KM-TN512-K","Konica Minolta","C454e","TN 512","parsed"
"KM-TN512-K","Konica Minolta","C554","TN 512","parsed"
"KM-TN512-K","Konica Minolta","C554e","TN 512","parsed"
"KM-TN512-C","Konica Minolta","454 E","TN 512","parsed"
"KM-TN512-C","Konica Minolta","554 E","TN 512","parsed"
"KM-TN512-C","Konica Minolta","C 258","TN 512","parsed"
"KM-TN512-C","Konica Minolta","C 308","TN 512","parsed"
"KM-TN512-C","Konica Minolta","C 368","TN 512","parsed"
"KM-TN512-C","Konica Minolta","C 454","TN 512","parsed"
"KM-TN512-C","Konica Minolta","bizhub C454","TN 512","parsed"
"KM-TN512-C","Konica Minolta","C454e","TN 512","parsed"
"KM-TN512-C","Konica Minolta","C554","TN 512","parsed"
"KM-TN512-C","Konica Minolta","C554e","TN 512","parsed"
"KM-TN512-M","Konica Minolta","454 E","TN 512","parsed"
"KM-TN512-M","Konica Minolta","554 E","TN 512","parsed"
"KM-TN512-M","Konica Minolta","C 258","TN 512","parsed"
"KM-TN512-M","Konica Minolta","C 308","TN 512","parsed"
"KM-TN512-M","Konica Minolta","C 368","TN 512","parsed"
"KM-TN512-M","Konica Minolta","C 454","TN 512","parsed"
"KM-TN512-M","Konica Minolta","bizhub C454","TN 512","parsed"
"KM-TN512-M","Konica Minolta","C454e","TN 512","parsed"
"KM-TN512-M","Konica Minolta","C554","TN 512","parsed"
"KM-TN512-M","Konica Minolta","C554e","TN 512","parsed"
"KM-TN512-Y","Konica Minolta","454 E","TN 512","parsed"
"KM-TN512-Y","Konica Minolta","554 E","TN 512","parsed"
"KM-TN512-Y","Konica Minolta","C 258","TN 512","parsed"
"KM-TN512-Y","Konica Minolta","C 308","TN 512","parsed"
"KM-TN512-Y","Konica Minolta","C 368","TN 512","parsed"
"KM-TN512-Y","Konica Minolta","C 454","TN 512","parsed"
"KM-TN512-Y","Konica Minolta","bizhub C454","TN 512","parsed"
"KM-TN512-Y","Konica Minolta","C454e","TN 512","parsed"
"KM-TN512-Y","Konica Minolta","C554","TN 512","parsed"
"KM-TN512-Y","Konica Minolta","C554e","TN 512","parsed"
"KM-TN328-K","Konica Minolta","Bizhub C224","TN 328","parsed"
"KM-TN328-K","Konica Minolta","C284","TN 328","parsed"
"KM-TN328-K","Konica Minolta","C364","TN 328","parsed"
"KM-TN328-K","Konica Minolta","C364E","TN 328","parsed"
"KM-TN328-K","Konica Minolta","C224E","TN 328","parsed"
"KM-TN328-K","Konica Minolta","C284E","TN 328","parsed"
"KM-TN328-K","Konica Minolta","MF222","TN 328","parsed"
"KM-TN328-K","Konica Minolta","MF282","TN 328","parsed"
"KM-TN328-K","Konica Minolta","MF362","TN 328","parsed"
"KM-TN328-C","Konica Minolta","Bizhub C224","TN 328","parsed"
"KM-TN328-C","Konica Minolta","C284","TN 328","parsed"
"KM-TN328-C","Konica Minolta","C364","TN 328","parsed"
"KM-TN328-C","Konica Minolta","C364E","TN 328","parsed"
"KM-TN328-C","Konica Minolta","C224E","TN 328","parsed"
"KM-TN328-C","Konica Minolta","C284E","TN 328","parsed"
"KM-TN328-C","Konica Minolta","MF222","TN 328","parsed"
"KM-TN328-C","Konica Minolta","MF282","TN 328","parsed"
"KM-TN328-C","Konica Minolta","MF362","TN 328","parsed"
"KM-TN328-M","Konica Minolta","Bizhub C224","TN 328","parsed"
"KM-TN328-M","Konica Minolta","C284","TN 328","parsed"
"KM-TN328-M","Konica Minolta","C364","TN 328","parsed"
"KM-TN328-M","Konica Minolta","C364E","TN 328","parsed"
"KM-TN328-M","Konica Minolta","C224E","TN 328","parsed"
"KM-TN328-M","Konica Minolta","C284E","TN 328","parsed"
"KM-TN328-M","Konica Minolta","MF222","TN 328","parsed"
"KM-TN328-M","Konica Minolta","MF282","TN 328","parsed"
"KM-TN328-M","Konica Minolta","MF362","TN 328","parsed"
"KM-TN328-Y","Konica Minolta","Bizhub C224","TN 328","parsed"
"KM-TN328-Y","Konica Minolta","C284","TN 328","parsed"
"KM-TN328-Y","Konica Minolta","C364","TN 328","parsed"
"KM-TN328-Y","Konica Minolta","C364E","TN 328","parsed"
"KM-TN328-Y","Konica Minolta","C224E","TN 328","parsed"
"KM-TN328-Y","Konica Minolta","C284E","TN 328","parsed"
"KM-TN328-Y","Konica Minolta","MF222","TN 328","parsed"
"KM-TN328-Y","Konica Minolta","MF282","TN 328","parsed"
"KM-TN328-Y","Konica Minolta","MF362","TN 328","parsed"
"HP-415A-K","HP","HP Colour LaserJet Enterprise M455dn","415A","parsed"
"HP-415A-K","HP","HP Colour LaserJet Pro M454dn","415A","parsed"
"HP-415A-K","HP","HP Colour LaserJet Pro M454dw","415A","parsed"
"HP-415A-C","HP","HP Colour LaserJet Enterprise M455dn","415A","parsed"
"HP-415A-C","HP","HP Colour LaserJet Pro M454dn","415A","parsed"
"HP-415A-C","HP","HP Colour LaserJet Pro M454dw","415A","parsed"
"HP-415A-M","HP","HP Colour LaserJet Enterprise M455dn","415A","parsed"
"HP-415A-M","HP","HP Colour LaserJet Pro M454dn","415A","parsed"
"HP-415A-M","HP","HP Colour LaserJet Pro M454dw","415A","parsed"
"HP-415A-Y","HP","HP Colour LaserJet Enterprise M455dn","415A","parsed"
"HP-415A-Y","HP","HP Colour LaserJet Pro M454dn","415A","parsed"
"HP-415A-Y","HP","HP Colour LaserJet Pro M454dw","415A","parsed"
"HP-117A-K","HP","HP Color Laser MFP 179fnw","117A","parsed"
"HP-117A-K","HP","178nw","117A","parsed"
"HP-117A-K","HP","HP Color LAzer 150a150w","117A","parsed"
"HP-117A-C","HP","HP Color Laser MFP 179fnw","117A","parsed"
"HP-117A-C","HP","178nw","117A","parsed"
"HP-117A-C","HP","HP Color LAzer 150a150w","117A","parsed"
"HP-117A-M","HP","HP Color Laser MFP 179fnw","117A","parsed"
"HP-117A-M","HP","178nw","117A","parsed"
"HP-117A-M","HP","HP Color LAzer 150a150w","117A","parsed"
"HP-117A-Y","HP","HP Color Laser MFP 179fnw","117A","parsed"
"HP-117A-Y","HP","178nw","117A","parsed"
"HP-117A-Y","HP","HP Color LAzer 150a150w","117A","parsed"
"BRO-TN277-K","Brother","MFC-L3750CDW","TN 277","parsed"
"BRO-TN277-K","Brother","DCP-L3551CDW","TN 277","parsed"
"BRO-TN277-K","Brother","HL-3210CW","TN 277","parsed"
"BRO-TN277-C","Brother","MFC-L3750CDW","TN 277","parsed"
"BRO-TN277-C","Brother","DCP-L3551CDW","TN 277","parsed"
"BRO-TN277-C","Brother","HL-3210CW","TN 277","parsed"
"BRO-TN277-M","Brother","MFC-L3750CDW","TN 277","parsed"
"BRO-TN277-M","Brother","DCP-L3551CDW","TN 277","parsed"
"BRO-TN277-M","Brother","HL-3210CW","TN 277","parsed"
"BRO-TN277-Y","Brother","MFC-L3750CDW","TN 277","parsed"
"BRO-TN277-Y","Brother","DCP-L3551CDW","TN 277","parsed"
"BRO-TN277-Y","Brother","HL-3210CW","TN 277","parsed"
"KYO-TK5240-K","Kyocera","Ecosys M5526cdw","TK 5240","parsed"
"KYO-TK5240-K","Kyocera","P5026cdw","TK 5240","parsed"
"KYO-TK5240-K","Kyocera","Ecosys M5526cdn","TK 5240","parsed"
"KYO-TK5240-K","Kyocera","P5026cdn","TK 5240","parsed"
"KYO-TK5240-C","Kyocera","Ecosys M5526cdw","TK 5240","parsed"
"KYO-TK5240-C","Kyocera","P5026cdw","TK 5240","parsed"
"KYO-TK5240-C","Kyocera","Ecosys M5526cdn","TK 5240","parsed"
"KYO-TK5240-C","Kyocera","P5026cdn","TK 5240","parsed"
"KYO-TK5240-M","Kyocera","Ecosys M5526cdw","TK 5240","parsed"
"KYO-TK5240-M","Kyocera","P5026cdw","TK 5240","parsed"
"KYO-TK5240-M","Kyocera","Ecosys M5526cdn","TK 5240","parsed"
"KYO-TK5240-M","Kyocera","P5026cdn","TK 5240","parsed"
"KYO-TK5240-Y","Kyocera","Ecosys M5526cdw","TK 5240","parsed"
"KYO-TK5240-Y","Kyocera","P5026cdw","TK 5240","parsed"
"KYO-TK5240-Y","Kyocera","Ecosys M5526cdn","TK 5240","parsed"
"KYO-TK5240-Y","Kyocera","P5026cdn","TK 5240","parsed"
"CAN-054-K","Canon","MF645CX","054","parsed"
"CAN-054-C","Canon","MF645CX","054","parsed"
"CAN-054-M","Canon","MF645CX","054","parsed"
"CAN-054-Y","Canon","MF645CX","054","parsed"
"HP-953XL-K","HP","HP Officejet 8200","953 XL","parsed"
"HP-953XL-K","HP","8700 Series","953 XL","parsed"
"HP-953XL-C","HP","HP Officejet 8200","953 XL","parsed"
"HP-953XL-C","HP","8700 Series","953 XL","parsed"
"HP-953XL-M","HP","HP Officejet 8200","953 XL","parsed"
"HP-953XL-M","HP","8700 Series","953 XL","parsed"
"HP-953XL-Y","HP","HP Officejet 8200","953 XL","parsed"
"HP-953XL-Y","HP","8700 Series","953 XL","parsed"
"HP-652XL-K","HP","HP Ink Advantage 3635","652 XL","parsed"
"HP-652XL-K","HP","3835","652 XL","parsed"
"HP-652XL-K","HP","4535","652 XL","parsed"
"HP-652XL-CLR","HP","HP Ink Advantage 3635","652 XL","parsed"
"HP-652XL-CLR","HP","3835","652 XL","parsed"
"HP-652XL-CLR","HP","4535","652 XL","parsed"
"HP-123XL-K","HP","HP 2130","123 XL","parsed"
"HP-123XL-K","HP","2131","123 XL","parsed"
"HP-123XL-CLR","HP","HP 2130","123 XL","parsed"
"HP-123XL-CLR","HP","2131","123 XL","parsed"
"SAM-CLT506L-K","Samsung","CLP 680","CLT-506L","parsed"
"SAM-CLT506L-K","Samsung","CLX 6260","CLT-506L","parsed"
"SAM-CLT506L-C","Samsung","CLP 680","CLT-506L","parsed"
"SAM-CLT506L-C","Samsung","CLX 6260","CLT-506L","parsed"
"SAM-CLT506L-M","Samsung","CLP 680","CLT-506L","parsed"
"SAM-CLT506L-M","Samsung","CLX 6260","CLT-506L","parsed"
"SAM-CLT506L-Y","Samsung","CLP 680","CLT-506L","parsed"
"SAM-CLT506L-Y","Samsung","CLX 6260","CLT-506L","parsed"
"SAM-CLT504-K","Samsung","CLP415","CLT-504","parsed"
"SAM-CLT504-K","Samsung","CLX4195","CLT-504","parsed"
"SAM-CLT504-K","Samsung","C1860","CLT-504","parsed"
"SAM-CLT504-C","Samsung","CLP415","CLT-504","parsed"
"SAM-CLT504-C","Samsung","CLX4195","CLT-504","parsed"
"SAM-CLT504-C","Samsung","C1860","CLT-504","parsed"
"SAM-CLT504-M","Samsung","CLP415","CLT-504","parsed"
"SAM-CLT504-M","Samsung","CLX4195","CLT-504","parsed"
"SAM-CLT504-M","Samsung","C1860","CLT-504","parsed"
"SAM-CLT504-Y","Samsung","CLP415","CLT-504","parsed"
"SAM-CLT504-Y","Samsung","CLX4195","CLT-504","parsed"
"SAM-CLT504-Y","Samsung","C1860","CLT-504","parsed"
"SAM-CLT409-K","Samsung","CLP310","CLT-409","parsed"
"SAM-CLT409-K","Samsung","315","CLT-409","parsed"
"SAM-CLT409-C","Samsung","CLP310","CLT-409","parsed"
"SAM-CLT409-C","Samsung","315","CLT-409","parsed"
"SAM-CLT409-M","Samsung","CLP310","CLT-409","parsed"
"SAM-CLT409-M","Samsung","315","CLT-409","parsed"
"SAM-CLT409-Y","Samsung","CLP310","CLT-409","parsed"
"SAM-CLT409-Y","Samsung","315","CLT-409","parsed"
"SAM-CLT407-K","Samsung","CLP320","CLT-407","parsed"
"SAM-CLT407-K","Samsung","325","CLT-407","parsed"
"SAM-CLT407-K","Samsung","CLX3185","CLT-407","parsed"
"SAM-CLT407-C","Samsung","CLP320","CLT-407","parsed"
"SAM-CLT407-C","Samsung","325","CLT-407","parsed"
"SAM-CLT407-C","Samsung","CLX3185","CLT-407","parsed"
"SAM-CLT407-M","Samsung","CLP320","CLT-407","parsed"
"SAM-CLT407-M","Samsung","325","CLT-407","parsed"
"SAM-CLT407-M","Samsung","CLX3185","CLT-407","parsed"
"SAM-CLT407-Y","Samsung","CLP320","CLT-407","parsed"
"SAM-CLT407-Y","Samsung","325","CLT-407","parsed"
"SAM-CLT407-Y","Samsung","CLX3185","CLT-407","parsed"
"SAM-CLT406-K","Samsung","CLP365","CLT-406","parsed"
"SAM-CLT406-K","Samsung","CLX3305","CLT-406","parsed"
"SAM-CLT406-K","Samsung","C410","CLT-406","parsed"
"SAM-CLT406-K","Samsung","C460","CLT-406","parsed"
"SAM-CLT406-C","Samsung","CLP365","CLT-406","parsed"
"SAM-CLT406-C","Samsung","CLX3305","CLT-406","parsed"
"SAM-CLT406-C","Samsung","C410","CLT-406","parsed"
"SAM-CLT406-C","Samsung","C460","CLT-406","parsed"
"SAM-CLT406-M","Samsung","CLP365","CLT-406","parsed"
"SAM-CLT406-M","Samsung","CLX3305","CLT-406","parsed"
"SAM-CLT406-M","Samsung","C410","CLT-406","parsed"
"SAM-CLT406-M","Samsung","C460","CLT-406","parsed"
"SAM-CLT406-Y","Samsung","CLP365","CLT-406","parsed"
"SAM-CLT406-Y","Samsung","CLX3305","CLT-406","parsed"
"SAM-CLT406-Y","Samsung","C410","CLT-406","parsed"
"SAM-CLT406-Y","Samsung","C460","CLT-406","parsed"
"SAM-CLT404-K","Samsung","C430","CLT-404","parsed"
"SAM-CLT404-K","Samsung","C480","CLT-404","parsed"
"SAM-CLT404-C","Samsung","C430","CLT-404","parsed"
"SAM-CLT404-C","Samsung","C480","CLT-404","parsed"
"SAM-CLT404-M","Samsung","C430","CLT-404","parsed"
"SAM-CLT404-M","Samsung","C480","CLT-404","parsed"
"SAM-CLT404-Y","Samsung","C430","CLT-404","parsed"
"SAM-CLT404-Y","Samsung","C480","CLT-404","parsed"
"CAN-045-K","Canon","MF632","045","parsed"
"CAN-045-K","Canon","634","045","parsed"
"CAN-045-K","Canon","635","045","parsed"
"CAN-045-K","Canon","LBP611","045","parsed"
"CAN-045-K","Canon","613","045","parsed"
"CAN-045-C","Canon","MF632","045","parsed"
"CAN-045-C","Canon","634","045","parsed"
"CAN-045-C","Canon","635","045","parsed"
"CAN-045-C","Canon","LBP611","045","parsed"
"CAN-045-C","Canon","613","045","parsed"
"CAN-045-M","Canon","MF632","045","parsed"
"CAN-045-M","Canon","634","045","parsed"
"CAN-045-M","Canon","635","045","parsed"
"CAN-045-M","Canon","LBP611","045","parsed"
"CAN-045-M","Canon","613","045","parsed"
"CAN-045-Y","Canon","MF632","045","parsed"
"CAN-045-Y","Canon","634","045","parsed"
"CAN-045-Y","Canon","635","045","parsed"
"CAN-045-Y","Canon","LBP611","045","parsed"
"CAN-045-Y","Canon","613","045","parsed"
"CAN-731-K","Canon","MF628","731","parsed"
"CAN-731-K","Canon","8280","731","parsed"
"CAN-731-K","Canon","LBP7100","731","parsed"
"CAN-731-C","Canon","MF628","731","parsed"
"CAN-731-C","Canon","8280","731","parsed"
"CAN-731-C","Canon","LBP7100","731","parsed"
"CAN-731-M","Canon","MF628","731","parsed"
"CAN-731-M","Canon","8280","731","parsed"
"CAN-731-M","Canon","LBP7100","731","parsed"
"CAN-731-Y","Canon","MF628","731","parsed"
"CAN-731-Y","Canon","8280","731","parsed"
"CAN-731-Y","Canon","LBP7100","731","parsed"
"CAN-729-K","Canon","LBP 7000 Series","729","parsed"
"CAN-729-C","Canon","LBP 7000 Series","729","parsed"
"CAN-729-M","Canon","LBP 7000 Series","729","parsed"
"CAN-729-Y","Canon","LBP 7000 Series","729","parsed"
"CAN-718-K","Canon","MF8300 Series","718","parsed"
"CAN-718-K","Canon","LBP7200","718","parsed"
"CAN-718-K","Canon","7600","718","parsed"
"CAN-718-C","Canon","MF8300 Series","718","parsed"
"CAN-718-C","Canon","LBP7200","718","parsed"
"CAN-718-C","Canon","7600","718","parsed"
"CAN-718-M","Canon","MF8300 Series","718","parsed"
"CAN-718-M","Canon","LBP7200","718","parsed"
"CAN-718-M","Canon","7600","718","parsed"
"CAN-718-Y","Canon","MF8300 Series","718","parsed"
"CAN-718-Y","Canon","LBP7200","718","parsed"
"CAN-718-Y","Canon","7600","718","parsed"
"CAN-716-K","Canon","LBP5050","716","parsed"
"CAN-716-K","Canon","MF8030","716","parsed"
"CAN-716-K","Canon","8040","716","parsed"
"CAN-716-K","Canon","8050","716","parsed"
"CAN-716-K","Canon","8080","716","parsed"
"CAN-716-C","Canon","LBP5050","716","parsed"
"CAN-716-C","Canon","MF8030","716","parsed"
"CAN-716-C","Canon","8040","716","parsed"
"CAN-716-C","Canon","8050","716","parsed"
"CAN-716-C","Canon","8080","716","parsed"
"CAN-716-M","Canon","LBP5050","716","parsed"
"CAN-716-M","Canon","MF8030","716","parsed"
"CAN-716-M","Canon","8040","716","parsed"
"CAN-716-M","Canon","8050","716","parsed"
"CAN-716-M","Canon","8080","716","parsed"
"CAN-716-Y","Canon","LBP5050","716","parsed"
"CAN-716-Y","Canon","MF8030","716","parsed"
"CAN-716-Y","Canon","8040","716","parsed"
"CAN-716-Y","Canon","8050","716","parsed"
"CAN-716-Y","Canon","8080","716","parsed"
"BRO-TN369-K","Brother","HL L8350","TN369","parsed"
"BRO-TN369-K","Brother","MFC L8600","TN369","parsed"
"BRO-TN369-K","Brother","L8850","TN369","parsed"
"BRO-TN369-C","Brother","HL L8350","TN369","parsed"
"BRO-TN369-C","Brother","MFC L8600","TN369","parsed"
"BRO-TN369-C","Brother","L8850","TN369","parsed"
"BRO-TN369-M","Brother","HL L8350","TN369","parsed"
"BRO-TN369-M","Brother","MFC L8600","TN369","parsed"
"BRO-TN369-M","Brother","L8850","TN369","parsed"
"BRO-TN369-Y","Brother","HL L8350","TN369","parsed"
"BRO-TN369-Y","Brother","MFC L8600","TN369","parsed"
"BRO-TN369-Y","Brother","L8850","TN369","parsed"
"BRO-TN265-C","Brother","HL3150","Generic Brother TN265","parsed"
"BRO-TN265-C","Brother","3170","Generic Brother TN265","parsed"
"BRO-TN265-C","Brother","MFC9140","Generic Brother TN265","parsed"
"BRO-TN265-C","Brother","9330","Generic Brother TN265","parsed"
"BRO-TN265-M","Brother","HL3150","Generic Brother TN265","parsed"
"BRO-TN265-M","Brother","3170","Generic Brother TN265","parsed"
"BRO-TN265-M","Brother","MFC9140","Generic Brother TN265","parsed"
"BRO-TN265-M","Brother","9330","Generic Brother TN265","parsed"
"BRO-TN265-Y","Brother","HL3150","Generic Brother TN265","parsed"
"BRO-TN265-Y","Brother","3170","Generic Brother TN265","parsed"
"BRO-TN265-Y","Brother","MFC9140","Generic Brother TN265","parsed"
"BRO-TN265-Y","Brother","9330","Generic Brother TN265","parsed"
"BRO-TN348-K","Brother","MFC9460","Generic Brother TN348","parsed"
"BRO-TN348-K","Brother","9970","Generic Brother TN348","parsed"
"BRO-TN348-K","Brother","HL4150","Generic Brother TN348","parsed"
"BRO-TN348-C","Brother","MFC9460","Generic Brother TN348","parsed"
"BRO-TN348-C","Brother","9970","Generic Brother TN348","parsed"
"BRO-TN348-C","Brother","HL4150","Generic Brother TN348","parsed"
"BRO-TN348-M","Brother","MFC9460","Generic Brother TN348","parsed"
"BRO-TN348-M","Brother","9970","Generic Brother TN348","parsed"
"BRO-TN348-M","Brother","HL4150","Generic Brother TN348","parsed"
"BRO-TN348-Y","Brother","MFC9460","Generic Brother TN348","parsed"
"BRO-TN348-Y","Brother","9970","Generic Brother TN348","parsed"
"BRO-TN348-Y","Brother","HL4150","Generic Brother TN348","parsed"
"BRO-TN240-K","Brother","MFC9120","Generic Brother TN240","parsed"
"BRO-TN240-K","Brother","9320","Generic Brother TN240","parsed"
"BRO-TN240-K","Brother","HL3040","Generic Brother TN240","parsed"
"BRO-TN240-C","Brother","MFC9120","Generic Brother TN240","parsed"
"BRO-TN240-C","Brother","9320","Generic Brother TN240","parsed"
"BRO-TN240-C","Brother","HL3040","Generic Brother TN240","parsed"
"BRO-TN240-M","Brother","MFC9120","Generic Brother TN240","parsed"
"BRO-TN240-M","Brother","9320","Generic Brother TN240","parsed"
"BRO-TN240-M","Brother","HL3040","Generic Brother TN240","parsed"
"BRO-TN240-Y","Brother","MFC9120","Generic Brother TN240","parsed"
"BRO-TN240-Y","Brother","9320","Generic Brother TN240","parsed"
"BRO-TN240-Y","Brother","HL3040","Generic Brother TN240","parsed"
"BRO-TN2500XL","Brother","MFC-L2800DW","TN 2500XL","parsed"
"BRO-TN2500XL","Brother","L2827DWXL","TN 2500XL","parsed"
"BRO-TN2500XL","Brother","L2860DWE","TN 2500XL","parsed"
"BRO-TN2500XL","Brother","DCP-L2660","TN 2500XL","parsed"
"BRO-TN2500XL","Brother","L2627DWE","TN 2500XL","parsed"
"HP-136X","HP","M211d","136X","parsed"
"HP-136X","HP","M236d","136X","parsed"
"HP-136X","HP","M236sdw","136X","parsed"
"BRO-TN3607XXL","Brother","MFC-L5710","TN 3607XXL","parsed"
"BRO-TN3607XXL","Brother","HL-L5210","TN 3607XXL","parsed"
"BRO-TN3607XXL","Brother","6210","TN 3607XXL","parsed"
"BRO-TN3607XXL","Brother","5510","TN 3607XXL","parsed"
"BRO-TN3607XXL","Brother","6710","TN 3607XXL","parsed"
"BRO-TN3607XXL","Brother","6910","TN 3607XXL","parsed"
"HP-CF289X","HP","Enterprise M507","CF289X","parsed"
"HP-CF289X","HP","528","CF289X","parsed"
"HP-120ADRUMUNIT","HP","150","120A Drum Unit","parsed"
"HP-120ADRUMUNIT","HP","MFP178","120A Drum Unit","parsed"
"HP-120ADRUMUNIT","HP","MFP179","120A Drum Unit","parsed"
"OKI-B432","OKI","B412dn","B432","parsed"
"OKI-B432","OKI","B432dn","B432","parsed"
"OKI-B432","OKI","B512dn","B432","parsed"
"OKI-B432","OKI","MB492","B432","parsed"
"OKI-B432","OKI","MB472","B432","parsed"
"CAN-056","Canon","LBP320","056","parsed"
"CAN-056","Canon","325","056","parsed"
"CAN-056","Canon","MF540 Series","056","parsed"
"CAN-056","Canon","M542","056","parsed"
"CAN-056","Canon","MF543","056","parsed"
"CAN-056","Canon","MF441","056","parsed"
"CAN-056","Canon","443","056","parsed"
"CAN-056","Canon","449dw","056","parsed"
"CAN-056H","Canon","LBP320","056H","parsed"
"CAN-056H","Canon","325","056H","parsed"
"CAN-056H","Canon","MF540 Series","056H","parsed"
"CAN-056H","Canon","M542","056H","parsed"
"CAN-056H","Canon","MF543","056H","parsed"
"CAN-056H","Canon","MF441","056H","parsed"
"CAN-056H","Canon","443","056H","parsed"
"CAN-056H","Canon","449","056H","parsed"
"HP-CF289A","HP","Enterprise M507","CF289A","parsed"
"HP-CF289A","HP","528","CF289A","parsed"
"HP-145A","HP","Pro 3003","145A","parsed"
"HP-145A","HP","MFP3103","145A","parsed"
"HP-105A","HP","107a","105A","parsed"
"HP-105A","HP","107r","105A","parsed"
"HP-105A","HP","107w","105A","parsed"
"HP-105A","HP","135a","105A","parsed"
"HP-105A","HP","137fnw","105A","parsed"
"CAN-070H","Canon","LBP243","070H","parsed"
"CAN-070H","Canon","246","070H","parsed"
"CAN-070H","Canon","244","070H","parsed"
"CAN-070H","Canon","241 MF461","070H","parsed"
"CAN-070H","Canon","463","070H","parsed"
"CAN-070H","Canon","465","070H","parsed"
"CAN-070H","Canon","467","070H","parsed"
"CAN-T06","Canon","iR1643i & iR1643iF","T06","parsed"
"HP-150A","HP","M111a","150A","parsed"
"HP-150A","HP","141a","150A","parsed"
"HP-150A","HP","140a","150A","parsed"
"HP-150A","HP","139(150A)","150A","parsed"
"HP-147A","HP","Enterprise M610","147A","parsed"
"HP-147A","HP","M611","147A","parsed"
"HP-147A","HP","M634","147A","parsed"
"HP-147A","HP","M635","147A","parsed"
"HP-147A","HP","M636","147A","parsed"
"PAN-TL5120H","Pantum","BP5100","TL5120H","parsed"
"PAN-DL5120","Pantum","BP5100","DL-5120","parsed"
"PAN-DL5120","Pantum","P3300","DL-5120","parsed"
"PAN-DL5120","Pantum","BM5100","DL-5120","parsed"
"BRO-DR3405","Brother","HL-L5200","DR3405","parsed"
"BRO-DR3405","Brother","6200","DR3405","parsed"
"BRO-DR3405","Brother","MFC L5700DN","DR3405","parsed"
"BRO-DR3607","Brother","HL-L5210","DR 3607","parsed"
"BRO-DR3607","Brother","6210","DR 3607","parsed"
"BRO-DR3607","Brother","MFC L6710","DR 3607","parsed"
"BRO-TN3607","Brother","MFC-L5710","TN 3607","parsed"
"BRO-TN3607","Brother","HL-L5210","TN 3607","parsed"
"BRO-TN3607","Brother","6210","TN 3607","parsed"
"HP-CF325X","HP","M806","CF325X","parsed"
"HP-CF325X","HP","M830","CF325X","parsed"
"HP-CF259X","HP","M304","CF259X","parsed"
"HP-CF259X","HP","404","CF259X","parsed"
"HP-CF259X","HP","428","CF259X","parsed"
"HP-CF259X","HP","430","CF259X","parsed"
"CAN-057H","Canon","LBP226DW","057H","parsed"
"CAN-057H","Canon","223DW","057H","parsed"
"CAN-057H","Canon","MF443DW","057H","parsed"
"CAN-071H","Canon","LBP120dw","071H","parsed"
"CAN-071H","Canon","122dw","071H","parsed"
"CAN-071H","Canon","MF272","071H","parsed"
"CAN-071H","Canon","MF275","071H","parsed"
"HP-136A","HP","M209","136A","parsed"
"HP-136A","HP","M211dw","136A","parsed"
"HP-136A","HP","M233","136A","parsed"
"HP-136A","HP","M234","136A","parsed"
"HP-136A","HP","M236","136A","parsed"
"HP-151X","HP","Pro MFP 4103fdw","151X","parsed"
"HP-151X","HP","Pro 4003dw","151X","parsed"
"HP-151A","HP","Pro MFP 4103dw","151A","parsed"
"HP-151A","HP","Pro 4003dn","151A","parsed"
"KYO-TK1140","Kyocera","ECOSYS FS1035","TK 1140","parsed"
"KYO-TK1140","Kyocera","1135","TK 1140","parsed"
"KYO-TK1140","Kyocera","M2035","TK 1140","parsed"
"KYO-TK1140","Kyocera","M2535","TK 1140","parsed"
"KYO-TK6305","Kyocera","Ecosys 3500","TK 6305","parsed"
"PAN-TL5120","Pantum","BP5100","TL5120","parsed"
"RIC-1270D","Ricoh","MP 201","1270D","parsed"
"RIC-1270D","Ricoh","MP 161","1270D","parsed"
"RIC-1270D","Ricoh","MP 171","1270D","parsed"
"KYO-TK7125","Kyocera","Taskalfa 3212","TK 7125","parsed"
"HP-CF287A","HP","Laserjet Pro M501","CF287A","parsed"
"HP-CF287A","HP","Enterprise M527","CF287A","parsed"
"HP-CF237A","HP","Enterprise M607","CF237A","parsed"
"HP-CF237A","HP","M608","CF237A","parsed"
"HP-CE390A","HP","Enterprise M4555f","CE390A","parsed"
"HP-CE390A","HP","Enterprise 600 Series","CE390A","parsed"
"HP-Q5949X","HP","1320","Q5949X","parsed"
"CAN-049","Canon","MF112","049","parsed"
"CAN-049","Canon","MF113","049","parsed"
"CAN-049","Canon","LBP113w","049","parsed"
"CAN-047","Canon","MF112","047","parsed"
"CAN-047","Canon","MF113","047","parsed"
"CAN-047","Canon","LBP113w","047","parsed"
"HP-CE314ADRUM","HP","Pro 100 M175","CE314A Drum","parsed"
"HP-CE314ADRUM","HP","M275","CE314A Drum","parsed"
"HP-CE314ADRUM","HP","CP1025","CE314A Drum","parsed"
"HP-CF232ADRUMUNIT","HP","M203","CF232A Drum Unit","parsed"
"HP-CF232ADRUMUNIT","HP","M227","CF232A Drum Unit","parsed"
"HP-207AYELLOWW2212","HP","M255DW","207A Yellow W2212","parsed"
"HP-207AYELLOWW2212","HP","M282NW","207A Yellow W2212","parsed"
"HP-207AYELLOWW2212","HP","M283FDN","207A Yellow W2212","parsed"
"HP-207AMAGENTAW2213","HP","M255DW","207A Magenta W2213","parsed"
"HP-207AMAGENTAW2213","HP","M282NW","207A Magenta W2213","parsed"
"HP-207AMAGENTAW2213","HP","M283FDN","207A Magenta W2213","parsed"
"HP-207ACYANW2211","HP","M255DW","207A Cyan W2211","parsed"
"HP-207ACYANW2211","HP","M282NW","207A Cyan W2211","parsed"
"HP-207ACYANW2211","HP","M283FDN","207A Cyan W2211","parsed"
"HP-Q5949A","HP","1160","Q5949A","parsed"
"HP-Q5949A","HP","1320","Q5949A","parsed"
"HP-Q5949A","HP","P2014","Q5949A","parsed"
"HP-Q5949A","HP","P2015","Q5949A","parsed"
"HP-Q5949A","HP","M2727","Q5949A","parsed"
"PAN-PC252H","Pantum","P2512","PC252H","parsed"
"PAN-DL425X","Pantum","M7105","DL425X","parsed"
"PAN-DL425X","Pantum","P3305","DL425X","parsed"
"PAN-DL410","Pantum","P3010","DL410","parsed"
"PAN-DL410","Pantum","P3300","DL410","parsed"
"PAN-DL410","Pantum","M6700","DL410","parsed"
"PAN-DL410","Pantum","M7100","DL410","parsed"
"PAN-TL425X","Pantum","M7105","TL425X","parsed"
"PAN-TL425X","Pantum","P3305","TL425X","parsed"
"CAN-071","Canon","LBP122","071","parsed"
"CAN-071","Canon","MF272","071","parsed"
"CAN-071","Canon","MF275","071","parsed"
"KYO-TK3060","Kyocera","Ecosys M3145","TK 3060","parsed"
"KYO-TK3060","Kyocera","3645","TK 3060","parsed"
"KYO-TK6115","Kyocera","Ecosys M4125","TK 6115","parsed"
"KYO-TK6115","Kyocera","M4132","TK 6115","parsed"
"HP-207ABLACKW2210","HP","M255DW","207A Black W2210","parsed"
"HP-207ABLACKW2210","HP","M282NW","207A Black W2210","parsed"
"HP-207ABLACKW2210","HP","M283FDN","207A Black W2210","parsed"
"CAN-057","Canon","LBP226DW","057","parsed"
"CAN-057","Canon","223DW","057","parsed"
"CAN-057","Canon","MF443DW","057","parsed"
"KYO-TK3130","Kyocera","Kyocera Mita FS-4200DN","TK 3130","parsed"
"KYO-TK3130","Kyocera","FS-4300DN","TK 3130","parsed"
"KYO-TK3130","Kyocera","Ecosys M3550idn","TK 3130","parsed"
"KYO-TK3130","Kyocera","M3560idn","TK 3130","parsed"
"RIC-SP311","Ricoh","SP 311HE SP 311SFN","SP 311","parsed"
"RIC-SP311","Ricoh","SP 311SFNw","SP 311","parsed"
"RIC-SP311","Ricoh","325","SP 311","parsed"
"KYO-TK4105","Kyocera","TASKalfa 1800","TK 4105","parsed"
"KYO-TK4105","Kyocera","TASKalfa 2200","TK 4105","parsed"
"KYO-TK4105","Kyocera","TASKalfa 1801","TK 4105","parsed"
"KYO-TK4105","Kyocera","TASKalfa 2201","TK 4105","parsed"
"KYO-TK3100","Kyocera","Kyocera Mita FS-2100DN","TK 3100","parsed"
"KYO-TK3100","Kyocera","FS-2100D","TK 3100","parsed"
"KYO-TK3100","Kyocera","ECOSYS M3040dn","TK 3100","parsed"
"KYO-TK3100","Kyocera","ECOSYS M3540dn","TK 3100","parsed"
"KYO-TK1170","Kyocera","ECOSYS M2040dn","TK 1170","parsed"
"KYO-TK1170","Kyocera","M2540dn","TK 1170","parsed"
"KYO-TK1170","Kyocera","M2640idw","TK 1170","parsed"
"RIC-MP301","Ricoh","MP 301SP","MP 301","parsed"
"RIC-MP301","Ricoh","MP 301SPF","MP 301","parsed"
"RIC-MP301","Ricoh","Ricoh MP301SP","MP 301","parsed"
"RIC-MP301","Ricoh","MP301SPF","MP 301","parsed"
"PAN-PC310H","Pantum","P3100DL","PC310H","parsed"
"PAN-PC310H","Pantum","3255DN","PC310H","parsed"
"PAN-PC210H","Pantum","P2200","PC210H","parsed"
"PAN-PC210H","Pantum","P2500","PC210H","parsed"
"PAN-PC210H","Pantum","M6500","PC210H","parsed"
"PAN-PC210H","Pantum","M6600","PC210H","parsed"
"PAN-TL410X","Pantum","P3300","TL410X","parsed"
"PAN-TL410X","Pantum","M7100","TL410X","parsed"
"PAN-TL410X","Pantum","M7200 Series","TL410X","parsed"
"HP-CE255X","HP","P3010","CE255X","parsed"
"HP-CE255X","HP","3015","CE255X","parsed"
"HP-CF259A","HP","M304","CF259A","parsed"
"HP-CF259A","HP","404","CF259A","parsed"
"HP-106A","HP","107A","106A","parsed"
"HP-106A","HP","135A","106A","parsed"
"HP-106A","HP","137A","106A","parsed"
"HP-106X","HP","107A","106X","parsed"
"HP-106X","HP","135A","106X","parsed"
"HP-106X","HP","137A","106X","parsed"
"CAN-052BLACKHIGHCAPACITY","Canon","MF424","052 Black High Capacity","parsed"
"CAN-052BLACKHIGHCAPACITY","Canon","426","052 Black High Capacity","parsed"
"CAN-052BLACKHIGHCAPACITY","Canon","429","052 Black High Capacity","parsed"
"CAN-052BLACKHIGHCAPACITY","Canon","LBP214","052 Black High Capacity","parsed"
"CAN-052BLACKHIGHCAPACITY","Canon","215","052 Black High Capacity","parsed"
"BRO-TN1000","Brother","HL-1210","TN 1000","parsed"
"BRO-TN1000","Brother","DCP-1610","TN 1000","parsed"
"BRO-TN1000","Brother","MFC 1910","TN 1000","parsed"
"BRO-DR1000","Brother","HL-1210","DR 1000","parsed"
"BRO-DR1000","Brother","DCP-1610","DR 1000","parsed"
"BRO-DR1000","Brother","MFC 1910","DR 1000","parsed"
"BRO-TN2355","Brother","HL-L2365","TN 2355","parsed"
"BRO-TN2355","Brother","MFC L2740","TN 2355","parsed"
"BRO-DR2305","Brother","HL-L2365","DR 2305","parsed"
"BRO-DR2305","Brother","MFC L2740","DR 2305","parsed"
"BRO-TN2060","Brother","HL-2130","TN 2060","parsed"
"BRO-TN2060","Brother","DCP-7055","TN 2060","parsed"
"BRO-DR2255","Brother","HL-2130","Generic Brother DR-2255","parsed"
"BRO-DR2255","Brother","2270","Generic Brother DR-2255","parsed"
"BRO-DR2255","Brother","MFC 7360","Generic Brother DR-2255","parsed"
"BRO-DR2255","Brother","7860","Generic Brother DR-2255","parsed"
"BRO-TN2280","Brother","MFC 7360","TN 2280","parsed"
"BRO-TN2280","Brother","MFC 7860","TN 2280","parsed"
"BRO-TN2280","Brother","HL 2270","TN 2280","parsed"
"BRO-TN3467","Brother","HL-L5700","TN 3467","parsed"
"BRO-TN3467","Brother","5900","TN 3467","parsed"
"BRO-TN3185","Brother","HL-5240","Generic Brother TN-3185","parsed"
"BRO-TN3185","Brother","5250","Generic Brother TN-3185","parsed"
"BRO-TN3185","Brother","5270","Generic Brother TN-3185","parsed"
"BRO-TN3185","Brother","MFC8460","Generic Brother TN-3185","parsed"
"BRO-TN3185","Brother","8860","Generic Brother TN-3185","parsed"
"BRO-TN2150","Brother","DCP7030","Generic Brother TN-2150","parsed"
"BRO-TN2150","Brother","MFC7320","Generic Brother TN-2150","parsed"
"BRO-TN2150","Brother","7440","Generic Brother TN-2150","parsed"
"BRO-TN2150","Brother","HL 2140","Generic Brother TN-2150","parsed"
"BRO-TN2150","Brother","2150","Generic Brother TN-2150","parsed"
"BRO-TN3290","Brother","HL-5340","TN 3290","parsed"
"BRO-TN3290","Brother","5350","TN 3290","parsed"
"BRO-TN3290","Brother","5380","TN 3290","parsed"
"BRO-TN3290","Brother","MFC8370","TN 3290","parsed"
"BRO-TN3290","Brother","8380","TN 3290","parsed"
"BRO-TN3350","Brother","DCP8100","Generic Brother TN-3350","parsed"
"BRO-TN3350","Brother","8200 Series","Generic Brother TN-3350","parsed"
"BRO-TN3350","Brother","HL 5400 Series","Generic Brother TN-3350","parsed"
"SAM-MLT111L","Samsung","M2020","MLT 111L","parsed"
"SAM-MLT111L","Samsung","2070","MLT 111L","parsed"
"SAM-MLTD101S","Samsung","ML2160","MLT-D101S","parsed"
"SAM-MLTD101S","Samsung","SCX3405","MLT-D101S","parsed"
"SAM-MLTD104S","Samsung","ML 1660","MLT-D104S","parsed"
"SAM-MLTD104S","Samsung","1670","MLT-D104S","parsed"
"SAM-MLTD104S","Samsung","1860","MLT-D104S","parsed"
"SAM-MLTD104S","Samsung","SCX 3200","MLT-D104S","parsed"
"SAM-MLTD105L","Samsung","ML1910","MLT-D105L","parsed"
"SAM-MLTD105L","Samsung","ML2525","MLT-D105L","parsed"
"SAM-MLTD105L","Samsung","SCX4623","MLT-D105L","parsed"
"SAM-MLTD116L","Samsung","M2675","MLT-D116L","parsed"
"SAM-MLTD116L","Samsung","2825","MLT-D116L","parsed"
"SAM-MLTD116L","Samsung","2875","MLT-D116L","parsed"
"SAM-R116DRUMUNIT","Samsung","M2675","R116 Drum Unit","parsed"
"SAM-R116DRUMUNIT","Samsung","2825","R116 Drum Unit","parsed"
"SAM-R116DRUMUNIT","Samsung","2875","R116 Drum Unit","parsed"
"SAM-MLTD117S","Samsung","SCX 4650","MLT-D117S","parsed"
"SAM-MLTD117S","Samsung","4655","MLT-D117S","parsed"
"SAM-MLTD117S","Samsung","4656","MLT-D117S","parsed"
"SAM-MLT119","Samsung","SCX4521","MLT 119","parsed"
"SAM-MLT119","Samsung","ML1610","MLT 119","parsed"
"SAM-MLT119","Samsung","ML2010","MLT 119","parsed"
"SAM-MLTD203L","Samsung","Pro Express M3320","MLT-D203L","parsed"
"SAM-MLTD203L","Samsung","3370","MLT-D203L","parsed"
"SAM-MLTD203L","Samsung","4020","MLT-D203L","parsed"
"SAM-MLTD203L","Samsung","4070","MLT-D203L","parsed"
"SAM-MLTD205L","Samsung","ML3310","MLT-D205L","parsed"
"SAM-MLTD205L","Samsung","3710","MLT-D205L","parsed"
"SAM-MLTD205L","Samsung","SCX4833","MLT-D205L","parsed"
"SAM-MLTD208L","Samsung","SCX 5835","MLT-D208L","parsed"
"SAM-MLTD208L","Samsung","5635","MLT-D208L","parsed"
"SAM-MLTD209L","Samsung","ML2855","MLT-D209L","parsed"
"SAM-MLTD209L","Samsung","SCX4824","MLT-D209L","parsed"
"SAM-MLTD209L","Samsung","4828","MLT-D209L","parsed"
"HP-CE285A","HP","P1102","CE285A","parsed"
"HP-CE285A","HP","M1212","CE285A","parsed"
"HP-CE285A","HP","1217","CE285A","parsed"
"HP-CE285A","HP","P1005","CE285A","parsed"
"HP-CE285A","HP","1006","CE285A","parsed"
"HP-CE285A","HP","M1120","CE285A","parsed"
"HP-CE285A","HP","1522","CE285A","parsed"
"HP-CF217A","HP","M102","CF217A","parsed"
"HP-CF217A","HP","M130","CF217A","parsed"
"HP-CF226X","HP","M402","CF226X","parsed"
"HP-CF226X","HP","M426","CF226X","parsed"
"HP-CF226A","HP","M402","CF226A","parsed"
"HP-CF226A","HP","M426","CF226A","parsed"
"HP-CF283X","HP","M225","CF283X","parsed"
"HP-CF283A","HP","M127","CF283A","parsed"
"HP-CF283A","HP","M225","CF283A","parsed"
"HP-CF280X","HP","Pro 400 M401","CF280X","parsed"
"HP-CF280X","HP","M425","CF280X","parsed"
"HP-CF280A","HP","Pro 400 M401","CF280A","parsed"
"HP-CF280A","HP","M425","CF280A","parsed"
"HP-CE278A","HP","Pro M1536","CE278A","parsed"
"HP-CE278A","HP","P1566","CE278A","parsed"
"HP-Q2612A","HP","1018","Q2612A","parsed"
"HP-Q2612A","HP","1020","Q2612A","parsed"
"HP-CF230X","HP","M203","CF230X","parsed"
"HP-CF219ADRUMUNIT","HP","M102","CF219A Drum Unit","parsed"
"HP-CF219ADRUMUNIT","HP","M130","CF219A Drum Unit","parsed"
"HP-CF214X","HP","Enterprise 700 M712","CF214X","parsed"
"HP-CF214X","HP","M725","CF214X","parsed"
"HP-CF281A","HP","Enterprise M604","CF281A","parsed"
"HP-CF281A","HP","M605","CF281A","parsed"
"HP-CE505X","HP","P2055","CE505X","parsed"
"HP-CE505A","HP","P2035","CE505A","parsed"
"HP-CE505A","HP","2055","CE505A","parsed"
"HP-CE255A","HP","P3015","CE255A","parsed"
"HP-Q7551A","HP","P3005","Q7551A","parsed"
"HP-Q7551A","HP","M3027","Q7551A","parsed"
"HP-Q7551A","HP","M3035","Q7551A","parsed"
"HP-Q7553X","HP","P2015","Q7553X","parsed"
"HP-Q7553X","HP","M2727","Q7553X","parsed"
"HP-Q7553A","HP","1160","Q7553A","parsed"
"HP-Q7553A","HP","1320","Q7553A","parsed"
"HP-Q7553A","HP","P2014","Q7553A","parsed"
"HP-Q7553A","HP","P2015","Q7553A","parsed"
"HP-Q7553A","HP","M2727","Q7553A","parsed"
"HP-C151324A","HP","1000","C 15/13/24A","parsed"
"HP-C151324A","HP","1200","C 15/13/24A","parsed"
"HP-C151324A","HP","1300","C 15/13/24A","parsed"
"HP-C151324A","HP","1150","C 15/13/24A","parsed"
"HP-C151324A","HP","q2613a","C 15/13/24A","parsed"
"SAM-MLTD109S","Samsung","SCX4300","MLT-D109S","parsed"
"SAM-MLTD108S","Samsung","ML1640","MLT-D108S","parsed"
"SAM-MLTD103L","Samsung","ML2955","MLT-D103L","parsed"
"SAM-MLTD103L","Samsung","SCX4726","MLT-D103L","parsed"
"SAM-MLTD103L","Samsung","4729","MLT-D103L","parsed"
"CAN-728","Canon","MF4410","728","parsed"
"CAN-728","Canon","4430","728","parsed"
"CAN-728","Canon","4450","728","parsed"
"CAN-728","Canon","4730","728","parsed"
"CAN-728","Canon","4750","728","parsed"
"CAN-737","Canon","MF211","737","parsed"
"CAN-737","Canon","212","737","parsed"
"CAN-737","Canon","216","737","parsed"
"CAN-737","Canon","217","737","parsed"
"CAN-737","Canon","237","737","parsed"
"CAN-737","Canon","226","737","parsed"
"CAN-725","Canon","LBP6000","725","parsed"
"CAN-725","Canon","6020","725","parsed"
"CAN-725","Canon","6030","725","parsed"
"CAN-725","Canon","MF3010","725","parsed"
"CAN-726","Canon","MF4410","726","parsed"
"CAN-726","Canon","4412","726","parsed"
"CAN-726","Canon","4420","726","parsed"
"CAN-726","Canon","4450","726","parsed"
"CAN-726","Canon","4550","726","parsed"
"CAN-713","Canon","LBP3250","713","parsed"
"CAN-712","Canon","LBP3010","712","parsed"
"CAN-712","Canon","3100","712","parsed"
"CAN-EP27","Canon","MF3110","EP-27","parsed"
"CAN-EP27","Canon","3220","EP-27","parsed"
"CAN-EP27","Canon","5770","EP-27","parsed"
"CAN-EP27","Canon","LBP3200","EP-27","parsed"
"CAN-703","Canon","LBP2900","703","parsed"
"CAN-703","Canon","3000","703","parsed"
"CAN-FX10","Canon","L95","FX-10","parsed"
"CAN-FX10","Canon","L100","FX-10","parsed"
"CAN-FX10","Canon","L120","FX-10","parsed"
"XER-3117","Xerox","Phaser 3117","Xerox 3117","parsed"
"XER-3117","Xerox","3122","Xerox 3117","parsed"
"XER-3117","Xerox","3124","Xerox 3117","parsed"
"XER-3117","Xerox","3125","Xerox 3117","parsed"
"XER-301030403045","Xerox","Phaser 3010","Xerox 3010/3040/3045","parsed"
"XER-301030403045","Xerox","3040","Xerox 3010/3040/3045","parsed"
"XER-301030403045","Xerox","WorkCentre 3045","Xerox 3010/3040/3045","parsed"
"XER-3100","Xerox","Phaser 3100","Xerox 3100","parsed"
"XER-3140","Xerox","Phaser 3140","Xerox 3140","parsed"
"XER-3140","Xerox","3155","Xerox 3140","parsed"
"XER-3140","Xerox","3160","Xerox 3140","parsed"
"XER-3200","Xerox","Phaser 3200","Xerox 3200","parsed"
"LEX-E250","Lexmark","E250","Lexmark E250","parsed"
"LEX-E260","Lexmark","E260","Lexmark E260","parsed"
"LEX-E120","Lexmark","E120","Lexmark E120","parsed"
"BRO-TN2025","Brother","Fax2820","Generic Brother TN-2025","parsed"
"BRO-TN2025","Brother","2920","Generic Brother TN-2025","parsed"
"BRO-TN2025","Brother","HL2030","Generic Brother TN-2025","parsed"
"BRO-TN2025","Brother","2040","Generic Brother TN-2025","parsed"
"BRO-TN2025","Brother","2070","Generic Brother TN-2025","parsed"
"HP-652A-K","HP","Enterprise M651","652A Black","parsed"
"HP-652A-K","HP","M680","652A Black","parsed"
"CAN-052-K","Canon","MF424","052 Black","parsed"
"CAN-052-K","Canon","426","052 Black","parsed"
"CAN-052-K","Canon","429","052 Black","parsed"
"CAN-052-K","Canon","LBP214","052 Black","parsed"
"CAN-052-K","Canon","215","052 Black","parsed"
"HP-CF543A-M","HP","Pro M254","CF543A Magenta","parsed"
"HP-CF542A-Y","HP","Pro M254","CF542A Yellow","parsed"
"HP-CF541A-C","HP","Pro M254","CF541A Cyan","parsed"
"HP-CF540A-K","HP","Pro M254","CF540A Black","parsed"
"HP-CF533A-M","HP","Pro M154","CF533A Magenta","parsed"
"HP-CF533A-M","HP","M180","CF533A Magenta","parsed"
"HP-CF532A-Y","HP","Pro M154","CF532A Yellow","parsed"
"HP-CF532A-Y","HP","M180","CF532A Yellow","parsed"
"HP-CF531A-C","HP","Pro M154","CF531A Cyan","parsed"
"HP-CF531A-C","HP","M180","CF531A Cyan","parsed"
"HP-CF530A-K","HP","Pro M154","CF530A Black","parsed"
"HP-CF530A-K","HP","M180","CF530A Black","parsed"
"HP-CF413A-M","HP","Pro M452","CF413A Magenta","parsed"
"HP-CF413A-M","HP","M377","CF413A Magenta","parsed"
"HP-CF413A-M","HP","M477","CF413A Magenta","parsed"
"HP-CF412A-Y","HP","Pro M452","CF412A Yellow","parsed"
"HP-CF412A-Y","HP","M377","CF412A Yellow","parsed"
"HP-CF412A-Y","HP","M477","CF412A Yellow","parsed"
"HP-CF411A-C","HP","Pro M452","CF411A Cyan","parsed"
"HP-CF411A-C","HP","M377","CF411A Cyan","parsed"
"HP-CF411A-C","HP","M477","CF411A Cyan","parsed"
"HP-CF410A-K","HP","Pro M452","CF410A Black","parsed"
"HP-CF410A-K","HP","M377","CF410A Black","parsed"
"HP-CF410A-K","HP","M477","CF410A Black","parsed"
"HP-CF403A-M","HP","M252","CF403A Magenta","parsed"
"HP-CF403A-M","HP","M277","CF403A Magenta","parsed"
"HP-CF402A-Y","HP","M252","CF402A Yellow","parsed"
"HP-CF402A-Y","HP","M277","CF402A Yellow","parsed"
"HP-CF401A-C","HP","M252","CF401A Cyan","parsed"
"HP-CF401A-C","HP","M277","CF401A Cyan","parsed"
"HP-CF400A-K","HP","M252","CF400A Black","parsed"
"HP-CF400A-K","HP","M277","CF400A Black","parsed"
"HP-CE253A-M","HP","CP3520","CE253A Magenta","parsed"
"HP-CE253A-M","HP","3525","CE253A Magenta","parsed"
"HP-CE253A-M","HP","3530","CE253A Magenta","parsed"
"HP-CE252A-Y","HP","CP3520","CE252A Yellow","parsed"
"HP-CE252A-Y","HP","3525","CE252A Yellow","parsed"
"HP-CE252A-Y","HP","3530","CE252A Yellow","parsed"
"HP-CE251A-C","HP","CP3520","CE251A Cyan","parsed"
"HP-CE251A-C","HP","3525","CE251A Cyan","parsed"
"HP-CE251A-C","HP","3530","CE251A Cyan","parsed"
"HP-CE250A-K","HP","CP3520","CE250A Black","parsed"
"HP-CE250A-K","HP","3525","CE250A Black","parsed"
"HP-CE250A-K","HP","3530","CE250A Black","parsed"
"HP-CE403A-M","HP","Enterprise 500 M575","CE403A Magenta","parsed"
"HP-CE403A-M","HP","M551","CE403A Magenta","parsed"
"HP-CE402A-Y","HP","Enterprise 500 M575","CE402A Yellow","parsed"
"HP-CE402A-Y","HP","M551","CE402A Yellow","parsed"
"HP-CE401A-C","HP","Enterprise 500 M575","CE401A Cyan","parsed"
"HP-CE401A-C","HP","M551","CE401A Cyan","parsed"
"HP-CE400A-K","HP","Enterprise 500 M575","CE400A Black","parsed"
"HP-CE400A-K","HP","M551","CE400A Black","parsed"
"HP-CF353A-M","HP","Pro M176","CF353A Magenta","parsed"
"HP-CF353A-M","HP","M177","CF353A Magenta","parsed"
"HP-CF352A-Y","HP","Pro M176","CF352A Yellow","parsed"
"HP-CF352A-Y","HP","M177","CF352A Yellow","parsed"
"HP-CF351A-C","HP","Pro M176","CF351A Cyan","parsed"
"HP-CF351A-C","HP","M177","CF351A Cyan","parsed"
"HP-CF350A-K","HP","Pro M176","CF350A Black","parsed"
"HP-CF350A-K","HP","M177","CF350A Black","parsed"
"HP-CE313A-M","HP","Pro 100 M175","CE313A Magenta","parsed"
"HP-CE313A-M","HP","M275","CE313A Magenta","parsed"
"HP-CE313A-M","HP","CP1025","CE313A Magenta","parsed"
"HP-CE312A-Y","HP","Pro 100 M175","CE312A Yellow","parsed"
"HP-CE312A-Y","HP","M275","CE312A Yellow","parsed"
"HP-CE312A-Y","HP","CP1025","CE312A Yellow","parsed"
"HP-CE311A-C","HP","Pro 100 M175","CE311A Cyan","parsed"
"HP-CE311A-C","HP","M275","CE311A Cyan","parsed"
"HP-CE311A-C","HP","CP1025","CE311A Cyan","parsed"
"HP-CE310A-K","HP","Pro 100 M175","CE310A Black","parsed"
"HP-CE310A-K","HP","M275","CE310A Black","parsed"
"HP-CE310A-K","HP","CP1025","CE310A Black","parsed"
"HP-CE413A-M","HP","Pro M351","CE413A Magenta","parsed"
"HP-CE413A-M","HP","375","CE413A Magenta","parsed"
"HP-CE413A-M","HP","451","CE413A Magenta","parsed"
"HP-CE412A-Y","HP","Pro M351","CE412A Yellow","parsed"
"HP-CE412A-Y","HP","375","CE412A Yellow","parsed"
"HP-CE412A-Y","HP","451","CE412A Yellow","parsed"
"HP-CE411A-C","HP","Pro M351","CE411A Cyan","parsed"
"HP-CE411A-C","HP","375","CE411A Cyan","parsed"
"HP-CE411A-C","HP","451","CE411A Cyan","parsed"
"HP-CE410A-K","HP","Pro M351","CE410A Black","parsed"
"HP-CE410A-K","HP","375","CE410A Black","parsed"
"HP-CE410A-K","HP","451","CE410A Black","parsed"
"HP-CC533A-M","HP","CM2025","CC533A Magenta","parsed"
"HP-CC533A-M","HP","CM2320","CC533A Magenta","parsed"
"HP-CC532A-Y","HP","CM2025","CC532A Yellow","parsed"
"HP-CC532A-Y","HP","CM2320","CC532A Yellow","parsed"
"HP-CC531A-C","HP","CM2025","CC531A Cyan","parsed"
"HP-CC531A-C","HP","CM2320","CC531A Cyan","parsed"
"HP-CC530A-K","HP","CM2025","CC530A Black","parsed"
"HP-CC530A-K","HP","CM2320","CC530A Black","parsed"
"HP-CF210X-K","HP","Pro 200 M251","CF210X Black","parsed"
"HP-CF210X-K","HP","M276","CF210X Black","parsed"
"HP-CF213A-M","HP","Pro 200 M251","CF213A Magenta","parsed"
"HP-CF213A-M","HP","M276","CF213A Magenta","parsed"
"HP-CF212A-Y","HP","Pro 200 M251","CF212A Yellow","parsed"
"HP-CF212A-Y","HP","M276","CF212A Yellow","parsed"
"HP-CF211A-C","HP","Pro 200 M251","CF211A Cyan","parsed"
"HP-CF211A-C","HP","M276","CF211A Cyan","parsed"
"HP-CF210A-K","HP","Pro 200 M251","CF210A Black","parsed"
"HP-CF210A-K","HP","M276","CF210A Black","parsed"
"HP-CE323A-M","HP","Pro CP1525","CE323A Magenta","parsed"
"HP-CE323A-M","HP","CM1415","CE323A Magenta","parsed"
"HP-CE322A-Y","HP","Pro CP1525","CE322A Yellow","parsed"
"HP-CE322A-Y","HP","CM1415","CE322A Yellow","parsed"
"HP-CE321A-C","HP","Pro CP1525","CE321A Cyan","parsed"
"HP-CE321A-C","HP","CM1415","CE321A Cyan","parsed"
"HP-CE320A-K","HP","Pro CP1525","CE320A Black","parsed"
"HP-CE320A-K","HP","CM1415","CE320A Black","parsed"
"HP-CB543A-M","HP","CP1215","CB543A Magenta","parsed"
"HP-CB543A-M","HP","1515","CB543A Magenta","parsed"
"HP-CB543A-M","HP","1518","CB543A Magenta","parsed"
"HP-CB543A-M","HP","CM1312","CB543A Magenta","parsed"
"HP-CB542A-Y","HP","CP1215","CB542A Yellow","parsed"
"HP-CB542A-Y","HP","1515","CB542A Yellow","parsed"
"HP-CB542A-Y","HP","1518","CB542A Yellow","parsed"
"HP-CB542A-Y","HP","CM1312","CB542A Yellow","parsed"
"HP-CB541A-C","HP","CP1215","CB541A Cyan","parsed"
"HP-CB541A-C","HP","1515","CB541A Cyan","parsed"
"HP-CB541A-C","HP","1518","CB541A Cyan","parsed"
"HP-CB541A-C","HP","CM1312","CB541A Cyan","parsed"
"HP-CB540A-K","HP","CP1215","CB540A Black","parsed"
"HP-CB540A-K","HP","1515","CB540A Black","parsed"
"HP-CB540A-K","HP","1518","CB540A Black","parsed"
"HP-CB540A-K","HP","CM1312","CB540A Black","parsed"
"CAN-CL446XL-CLR","Canon","MG 2440","CL 446 XL Colour","parsed"
"CAN-CL446XL-CLR","Canon","MX 494","CL 446 XL Colour","parsed"
"CAN-PG445XL-K","Canon","MG 2440","PG 445 XL Black","parsed"
"CAN-PG445XL-K","Canon","MX 494","PG 445 XL Black","parsed"
"CAN-731HIGHYIELD-K","Canon","MF628","731 High Yield Black","parsed"
"CAN-731HIGHYIELD-K","Canon","8280","731 High Yield Black","parsed"
"CAN-731HIGHYIELD-K","Canon","LBP7100","731 High Yield Black","parsed"
"CAN-719-K","Canon","LBP6300","719 Black","parsed"
"CAN-719-K","Canon","MF5840","719 Black","parsed"
"CAN-719-K","Canon","5880","719 Black","parsed"
"BRO-TN261-K","Brother","HL3150","Generic Brother TN261 Black","parsed"
"BRO-TN261-K","Brother","3170","Generic Brother TN261 Black","parsed"
"BRO-TN261-K","Brother","MFC9140","Generic Brother TN261 Black","parsed"
"BRO-TN261-K","Brother","9330","Generic Brother TN261 Black","parsed"
"BRO-LC472XL-K","Brother","CLIENT TO SUPPLY","Generic Brother LC-472 XL","gap"
"BRO-LC472XL-C","Brother","CLIENT TO SUPPLY","Generic Brother LC-472 XL","gap"
"BRO-LC472XL-M","Brother","CLIENT TO SUPPLY","Generic Brother LC-472 XL","gap"
"BRO-LC472XL-Y","Brother","CLIENT TO SUPPLY","Generic Brother LC-472 XL","gap"
"HP-903XL-K","HP","CLIENT TO SUPPLY","HP 903 XL","gap"
"HP-903XL-C","HP","CLIENT TO SUPPLY","HP 903 XL","gap"
"HP-903XL-M","HP","CLIENT TO SUPPLY","HP 903 XL","gap"
"HP-903XL-Y","HP","CLIENT TO SUPPLY","HP 903 XL","gap"
"CAN-CLI471XL-K","Canon","CLIENT TO SUPPLY","Canon CLI 471 XL","gap"
"CAN-CLI471XL-C","Canon","CLIENT TO SUPPLY","Canon CLI 471 XL","gap"
"CAN-CLI471XL-M","Canon","CLIENT TO SUPPLY","Canon CLI 471 XL","gap"
"CAN-CLI471XL-Y","Canon","CLIENT TO SUPPLY","Canon CLI 471 XL","gap"
"HP-935XL-C","HP","CLIENT TO SUPPLY","HP 935 XL","gap"
"HP-935XL-M","HP","CLIENT TO SUPPLY","HP 935 XL","gap"
"HP-935XL-Y","HP","CLIENT TO SUPPLY","HP 935 XL","gap"
"HP-933XL-C","HP","CLIENT TO SUPPLY","HP 933 XL","gap"
"HP-933XL-M","HP","CLIENT TO SUPPLY","HP 933 XL","gap"
"HP-933XL-Y","HP","CLIENT TO SUPPLY","HP 933 XL","gap"
"HP-655-K","HP","CLIENT TO SUPPLY","HP 655","gap"
"HP-655-C","HP","CLIENT TO SUPPLY","HP 655","gap"
"HP-655-M","HP","CLIENT TO SUPPLY","HP 655","gap"
"HP-655-Y","HP","CLIENT TO SUPPLY","HP 655","gap"
"HP-951XL-C","HP","CLIENT TO SUPPLY","HP 951 XL","gap"
"HP-951XL-M","HP","CLIENT TO SUPPLY","HP 951 XL","gap"
"HP-951XL-Y","HP","CLIENT TO SUPPLY","HP 951 XL","gap"
"HP-178XL-K","HP","CLIENT TO SUPPLY","HP 178 XL","gap"
"HP-178XL-C","HP","CLIENT TO SUPPLY","HP 178 XL","gap"
"HP-178XL-M","HP","CLIENT TO SUPPLY","HP 178 XL","gap"
"HP-178XL-Y","HP","CLIENT TO SUPPLY","HP 178 XL","gap"
"HP-177-K","HP","CLIENT TO SUPPLY","HP 177","gap"
"HP-177-C","HP","CLIENT TO SUPPLY","HP 177","gap"
"HP-177-M","HP","CLIENT TO SUPPLY","HP 177","gap"
"HP-177-Y","HP","CLIENT TO SUPPLY","HP 177","gap"
"HP-920XL-K","HP","CLIENT TO SUPPLY","HP 920 XL","gap"
"HP-920XL-C","HP","CLIENT TO SUPPLY","HP 920 XL","gap"
"HP-920XL-M","HP","CLIENT TO SUPPLY","HP 920 XL","gap"
"HP-920XL-Y","HP","CLIENT TO SUPPLY","HP 920 XL","gap"
"HP-650XL-K","HP","CLIENT TO SUPPLY","HP 650 XL","gap"
"HP-650XL3-CLR","HP","CLIENT TO SUPPLY","HP 650 XL","gap"
"HP-122XL-K","HP","CLIENT TO SUPPLY","HP 122 XL","gap"
"HP-122XL3-CLR","HP","CLIENT TO SUPPLY","HP 122 XL","gap"
"HP-121XL-K","HP","CLIENT TO SUPPLY","HP 121 XL","gap"
"HP-121XL3-CLR","HP","CLIENT TO SUPPLY","HP 121 XL","gap"
"CAN-PGI1400XL-K","Canon","CLIENT TO SUPPLY","Canon PGI-1400 XL","gap"
"CAN-PGI1400XL-C","Canon","CLIENT TO SUPPLY","Canon PGI-1400 XL","gap"
"CAN-PGI1400XL-M","Canon","CLIENT TO SUPPLY","Canon PGI-1400 XL","gap"
"CAN-PGI1400XL-Y","Canon","CLIENT TO SUPPLY","Canon PGI-1400 XL","gap"
"CAN-PGI2400XL-K","Canon","CLIENT TO SUPPLY","Canon PGI-2400 XL","gap"
"CAN-PGI2400XL-C","Canon","CLIENT TO SUPPLY","Canon PGI-2400 XL","gap"
"CAN-PGI2400XL-M","Canon","CLIENT TO SUPPLY","Canon PGI-2400 XL","gap"
"CAN-PGI2400XL-Y","Canon","CLIENT TO SUPPLY","Canon PGI-2400 XL","gap"
"CAN-CLI451XL-K","Canon","CLIENT TO SUPPLY","Canon CLI-451XL","gap"
"CAN-CLI451XL-C","Canon","CLIENT TO SUPPLY","Canon CLI-451XL","gap"
"CAN-CLI451XL-M","Canon","CLIENT TO SUPPLY","Canon CLI-451XL","gap"
"CAN-CLI451XL-Y","Canon","CLIENT TO SUPPLY","Canon CLI-451XL","gap"
"CAN-CLI426-K","Canon","CLIENT TO SUPPLY","Canon CLI-426","gap"
"CAN-CLI426-C","Canon","CLIENT TO SUPPLY","Canon CLI-426","gap"
"CAN-CLI426-M","Canon","CLIENT TO SUPPLY","Canon CLI-426","gap"
"CAN-CLI426-Y","Canon","CLIENT TO SUPPLY","Canon CLI-426","gap"
"BRO-LC3719XL-K","Brother","CLIENT TO SUPPLY","Generic Brother LC-3719XL","gap"
"BRO-LC3719XL-C","Brother","CLIENT TO SUPPLY","Generic Brother LC-3719XL","gap"
"BRO-LC3719XL-M","Brother","CLIENT TO SUPPLY","Generic Brother LC-3719XL","gap"
"BRO-LC3719XL-Y","Brother","CLIENT TO SUPPLY","Generic Brother LC-3719XL","gap"
"BRO-LC77-K","Brother","CLIENT TO SUPPLY","Generic Brother LC-77","gap"
"BRO-LC77-C","Brother","CLIENT TO SUPPLY","Generic Brother LC-77","gap"
"BRO-LC77-M","Brother","CLIENT TO SUPPLY","Generic Brother LC-77","gap"
"BRO-LC77-Y","Brother","CLIENT TO SUPPLY","Generic Brother LC-77","gap"
"BRO-LC39-K","Brother","CLIENT TO SUPPLY","Generic Brother LC-39","gap"
"BRO-LC39-C","Brother","CLIENT TO SUPPLY","Generic Brother LC-39","gap"
"BRO-LC39-M","Brother","CLIENT TO SUPPLY","Generic Brother LC-39","gap"
"BRO-LC39-Y","Brother","CLIENT TO SUPPLY","Generic Brother LC-39","gap"
"BRO-LC3867-K","Brother","CLIENT TO SUPPLY","Generic Brother LC-38/67","gap"
"BRO-LC3867-C","Brother","CLIENT TO SUPPLY","Generic Brother LC-38/67","gap"
"BRO-LC3867-M","Brother","CLIENT TO SUPPLY","Generic Brother LC-38/67","gap"
"BRO-LC3867-Y","Brother","CLIENT TO SUPPLY","Generic Brother LC-38/67","gap"
"BRO-LC675XL-C","Brother","CLIENT TO SUPPLY","Generic Brother LC-675 XL","gap"
"BRO-LC675XL-M","Brother","CLIENT TO SUPPLY","Generic Brother LC-675 XL","gap"
"BRO-LC675XL-Y","Brother","CLIENT TO SUPPLY","Generic Brother LC-675 XL","gap"
"BRO-LC565XL-C","Brother","CLIENT TO SUPPLY","Generic Brother LC-565 XL","gap"
"BRO-LC565XL-M","Brother","CLIENT TO SUPPLY","Generic Brother LC-565 XL","gap"
"BRO-LC565XL-Y","Brother","CLIENT TO SUPPLY","Generic Brother LC-565 XL","gap"
"BRO-LC535XL-C","Brother","CLIENT TO SUPPLY","Generic Brother LC-535 XL","gap"
"BRO-LC535XL-M","Brother","CLIENT TO SUPPLY","Generic Brother LC-535 XL","gap"
"BRO-LC535XL-Y","Brother","CLIENT TO SUPPLY","Generic Brother LC-535 XL","gap"
"HP-123TOETS","","CLIENT TO SUPPLY","HP - 123 Toets","gap"
"GI-4-YELLOW70ML","Canon","CLIENT TO SUPPLY","GI-490 Yellow (70ml)","gap"
"GI-4-MAGENTA70ML","Canon","CLIENT TO SUPPLY","GI-490 Magenta (70ml)","gap"
"GI-4-CYAN70ML","Canon","CLIENT TO SUPPLY","GI-490 Cyan (70ml)","gap"
"GI-4-BLACK135ML","Canon","CLIENT TO SUPPLY","GI-490 Black (135ml)","gap"
"BRO-LC569XLB","Brother","CLIENT TO SUPPLY","Generic Brother LC-569 XL B","gap"
"EPS-T6644-Y","Epson","CLIENT TO SUPPLY","Epson T6644 Yellow","gap"
"EPS-T6643-M","Epson","CLIENT TO SUPPLY","Epson T6643 Magenta","gap"
"EPS-T6642-C","Epson","CLIENT TO SUPPLY","Epson T6642 Cyan","gap"
"EPS-T6641-K","Epson","CLIENT TO SUPPLY","Epson T6641 Black","gap"
"CAN-PGI470XL-K","Canon","CLIENT TO SUPPLY","Canon PGI 470 XL Black","gap"
"HP-934XL-K","HP","CLIENT TO SUPPLY","HP 934 XL BLACK","gap"
"HP-932XL-K","HP","CLIENT TO SUPPLY","HP 932 XL Black","gap"
"HP-950XL-K","HP","CLIENT TO SUPPLY","HP 950 XL Black","gap"
"HP-177MAGENTALIGHT","HP","CLIENT TO SUPPLY","HP 177 Magenta Light","gap"
"HP-177CYANLIGHT","HP","CLIENT TO SUPPLY","HP 177 Cyan Light","gap"
"HP-901XL-K","HP","CLIENT TO SUPPLY","HP 901 XL Black","gap"
"HP-9013-CLR","HP","CLIENT TO SUPPLY","HP 901 3-Colour","gap"
"HP-141XL3-CLR","HP","CLIENT TO SUPPLY","HP 141 XL 3-Colour","gap"
"HP-140XL-K","HP","CLIENT TO SUPPLY","HP 140 XL Black","gap"
"HP-1363-CLR","HP","CLIENT TO SUPPLY","HP 136 3-Colour","gap"
"HP-132-K","HP","CLIENT TO SUPPLY","HP 132 Black","gap"
"HP-1343-CLR","HP","CLIENT TO SUPPLY","HP 134 3-Colour","gap"
"HP-131-K","HP","CLIENT TO SUPPLY","HP 131 Black","gap"
"HP-130-K","HP","CLIENT TO SUPPLY","HP 130 Black","gap"
"HP-283-CLR","HP","CLIENT TO SUPPLY","HP 28 3-Colour","gap"
"HP-27-K","HP","CLIENT TO SUPPLY","HP 27 Black","gap"
"HP-573-CLR","HP","CLIENT TO SUPPLY","HP 57 3-Colour","gap"
"HP-56-K","HP","CLIENT TO SUPPLY","HP 56 Black","gap"
"HP-22XL3-CLR","HP","CLIENT TO SUPPLY","HP 22 XL 3-Colour","gap"
"HP-21XL-K","HP","CLIENT TO SUPPLY","HP 21 XL Black","gap"
"HP-129-K","HP","CLIENT TO SUPPLY","HP 129 Black","gap"
"HP-173-CLR","HP","CLIENT TO SUPPLY","HP 17 3-Colour","gap"
"HP-233-CLR","HP","CLIENT TO SUPPLY","HP 23 3-Colour","gap"
"HP-783-CLR","HP","CLIENT TO SUPPLY","HP 78 3-Colour","gap"
"SAM-M43-K","Samsung","CLIENT TO SUPPLY","Samsung  M43 Black","gap"
"SAM-M40-K","Samsung","CLIENT TO SUPPLY","Samsung  M40 Black","gap"
"CAN-PGI450XL-K","Canon","CLIENT TO SUPPLY","Canon PGI-450XL Black","gap"
"CAN-PGI425-K","Canon","CLIENT TO SUPPLY","Canon PGI-425 Black","gap"
"LEX-NR35-CLR","","CLIENT TO SUPPLY","Lexmark Nr.35 Colour","gap"
"LEX-NR34-K","","CLIENT TO SUPPLY","Lexmark Nr. 34 Black","gap"
"LEX-NR37XL-CLR","","CLIENT TO SUPPLY","Lexmark Nr.37 XL Colour","gap"
"LEX-NR36XL-K","","CLIENT TO SUPPLY","Lexmark Nr.36 XL Black","gap"
"LEX-NR26-CLR","","CLIENT TO SUPPLY","Lexmark Nr.26 Colour","gap"
"LEX-NR16-K","","CLIENT TO SUPPLY","Lexmark Nr.16 Black","gap"
"LEX-NR15-CLR","","CLIENT TO SUPPLY","Lexmark Nr.15 Colour","gap"
"LEX-NR14-K","","CLIENT TO SUPPLY","Lexmark Nr. 14 Black","gap"
"EPS-T0796PHOTO-M","Epson","CLIENT TO SUPPLY","Epson T0796 Photo Magenta","gap"
"EPS-T0795PHOTO-C","Epson","CLIENT TO SUPPLY","Epson T0795 Photo Cyan","gap"
"EPS-T0794-Y","Epson","CLIENT TO SUPPLY","Epson T0794 Yellow","gap"
"EPS-T0793-M","Epson","CLIENT TO SUPPLY","Epson T0793 Magenta","gap"
"EPS-T0792-C","Epson","CLIENT TO SUPPLY","Epson T0792 Cyan","gap"
"EPS-T0791-K","Epson","CLIENT TO SUPPLY","Epson T0791 Black","gap"
"EPS-T7024-Y","Epson","CLIENT TO SUPPLY","Epson T7024 Yellow","gap"
"EPS-T7023-M","Epson","CLIENT TO SUPPLY","Epson T7023 Magenta","gap"
"EPS-T7022-C","Epson","CLIENT TO SUPPLY","Epson T7022 Cyan","gap"
"EPS-T7021-K","Epson","CLIENT TO SUPPLY","Epson T7021 Black","gap"
"EPS-T1294-Y","Epson","CLIENT TO SUPPLY","Epson T1294 Yellow","gap"
"EPS-T1293-M","Epson","CLIENT TO SUPPLY","Epson T1293 Magenta","gap"
"EPS-T1292-C","Epson","CLIENT TO SUPPLY","Epson T1292 Cyan","gap"
"EPS-T1291-K","Epson","CLIENT TO SUPPLY","Epson T1291 Black","gap"
"EPS-T0924-Y","Epson","CLIENT TO SUPPLY","Epson T0924 Yellow","gap"
"EPS-T0923-M","Epson","CLIENT TO SUPPLY","Epson T0923 Magenta","gap"
"EPS-T0922-C","Epson","CLIENT TO SUPPLY","Epson T0922 Cyan","gap"
"EPS-T0921-K","Epson","CLIENT TO SUPPLY","Epson T0921 Black","gap"
"BRO-LC679XL-K","Brother","CLIENT TO SUPPLY","Generic Brother LC-679 XL Black","gap"
"BRO-LC539XL-K","Brother","CLIENT TO SUPPLY","Generic Brother LC-539 XL Black","gap"
