"Product Name","SKU(s)","Brand","Compatible Printer Models","Status","Client: Correct? (Y/N)","Client: Notes / Corrections"
"Canon T10","CAN-T10-K / CAN-T10-C / CAN-T10-M / CAN-T10-Y","Canon","Image Class XMF1538 / LBP1538 Image Runner C1533 / C1538","PARSED — confirm","",""
"Brother TN 279XL","BRO-TN279XL-K / BRO-TN279XL-C / BRO-TN279XL-M / BRO-TN279XL-Y","Brother","HL-L3280CDW / DCP-L3520cdw / MFC-L3720cdw / L8390CDW","PARSED — confirm","",""
"Canon 064H","CAN-064H-K / CAN-064H-C / CAN-064H-M / CAN-064H-Y","Canon","MF735cx / MF832Cdw / LBP722Cdw","PARSED — confirm","",""
"Canon 067H","CAN-067H-K / CAN-067H-C / CAN-067H-M / CAN-067H-Y","Canon","MF654 / MF651 / MF655cdw / 656cdw / 657cdw","PARSED — confirm","",""
"Canon 069H","CAN-069H-K / CAN-069H-C / CAN-069H-M / CAN-069H-Y","Canon","673Cdw / 674Cx / 752Cd / 756Cx","PARSED — confirm","",""
"HP 222A","HP-222A-K / HP-222A-C / HP-222A-M / HP-222A-Y","HP","Pro 3288dw / 3388sdw / 3388fdn / 3388fdw","PARSED — confirm","",""
"Pantum CTL 2000H","PAN-CTL2000H-K / PAN-CTL2000H-C / PAN-CTL2000H-M / PAN-CTL2000H-Y","Pantum","CP1100 / CM1100","PARSED — confirm","",""
"Brother TN 279","BRO-TN279-K / BRO-TN279-C / BRO-TN279-M / BRO-TN279-Y","Brother","HL-L3280CDW / DCP-L3520cdw / MFC-L3720cdw","PARSED — confirm","",""
"HP 655A","HP-655A-K / HP-655A-C / HP-655A-M / HP-655A-Y","HP","Laserjet Enterprise MMG652dn / MMG653 / MMG681","PARSED — confirm","",""
"HP 230A","HP-230A-K / HP-230A-C / HP-230A-M / HP-230A-Y","HP","Pro MFP 4203dn / MFP 4303dn","PARSED — confirm","",""
"HP 216A","HP-216A-K / HP-216A-C / HP-216A-M / HP-216A-Y","HP","Pro MFP M182 / 183 / M155","PARSED — confirm","",""
"GI-46","GI-4-K / GI-4-C / GI-4-M / GI-4-Y","Canon","MAXIFY GX7040 / 6040","PARSED — confirm","",""
"HP 728","HP-728-K / HP-728-C / HP-728-M / HP-728-Y","HP","T730 & T830","PARSED — confirm","",""
"HP 653A","HP-653A-C / HP-653A-M / HP-653A-Y","HP","Enterprise M651 / M680","PARSED — confirm","",""
"HP 212A","HP-212A-K / HP-212A-C / HP-212A-M / HP-212A-Y","HP","Enterprise M555dn / M554 / M578","PARSED — confirm","",""
"HP 305 XL","HP-305XL-K / HP-305XL-CLR","HP","HP","PARSED — confirm","",""
"Canon 067","CAN-067-K / CAN-067-C / CAN-067-M / CAN-067-Y","Canon","MF654 / MF651 / MF655cdw / 656cdw / 657cdw","PARSED — confirm","",""
"Epson 103","EPS-103-K / EPS-103-C / EPS-103-M / EPS-103-Y","Epson","Eco Tank L1110 / 3150 / 3110","PARSED — confirm","",""
"Epson 101","EPS-101-K / EPS-101-C / EPS-101-M / EPS-101-Y","Epson","Eco Tank L6160 / 6190 / 4260 / 6260 / 14150","PARSED — confirm","",""
"Canon 069","CAN-069-K / CAN-069-C / CAN-069-M / CAN-069-Y","Canon","LBP674 / MF751 / MF753CDW","PARSED — confirm","",""
"Canon 055","CAN-055-K / CAN-055-C / CAN-055-M / CAN-055-Y","Canon","MF742 / 744 / 746","PARSED — confirm","",""
"Ricoh SP C430","RIC-SPC430-K / RIC-SPC430-C / RIC-SPC430-M / RIC-SPC430-Y","Ricoh","SP C430 / SP C431","PARSED — confirm","",""
"Ricoh MP C2003","RIC-MPC2003-K / RIC-MPC2003-C / RIC-MPC2003-M / RIC-MPC2003-Y","Ricoh","MP C2003 / MP C2011 / MP C2503","PARSED — confirm","",""
"Ricoh MP C2503","RIC-MPC2503-K / RIC-MPC2503-C / RIC-MPC2503-M / RIC-MPC2503-Y","Ricoh","MP C2003 / MP C2011 / MP C2503","PARSED — confirm","",""
"Brother TN 469","BRO-TN469-K / BRO-TN469-C / BRO-TN469-M / BRO-TN469-Y","Brother","Brother HL-8360CDW / MFC-8690CDW / MFC-9570CDW","PARSED — confirm","",""
"Kyocera TK 5270","KYO-TK5270-K / KYO-TK5270-C / KYO-TK5270-M / KYO-TK5270-Y","Kyocera","Ecosys M6230 / M6630 / P6230","PARSED — confirm","",""
"Pantum CTL 1100","PAN-CTL1100-K / PAN-CTL1100-C / PAN-CTL1100-M / PAN-CTL1100-Y","Pantum","CP1100 / CM1100","PARSED — confirm","",""
"Canon EXV 49","CAN-EXV49-K / CAN-EXV49-C / CAN-EXV49-M / CAN-EXV49-Y","Canon","C3325 / C3320 / C3330 / C3520 / C3525","PARSED — confirm","",""
"Ricoh MP C2011","RIC-MPC2011-K / RIC-MPC2011-C / RIC-MPC2011-M / RIC-MPC2011-Y","Ricoh","MP C2003 / MP C2011 / MP C2503","PARSED — confirm","",""
"Ricoh MP 306","RIC-MP306-K / RIC-MP306-C / RIC-MP306-M / RIC-MP306-Y","Ricoh","MP C306 / MP C406 / MP C307 / MP C407","PARSED — confirm","",""
"Konica Minolta TN 321","KM-TN321-K / KM-TN321-C / KM-TN321-M / KM-TN321-Y","Konica Minolta","Bizhub C224 / C224e / C284 / C284e / C364 / C364e / C227 / C287","PARSED — confirm","",""
"Konica Minolta TN 512","KM-TN512-K / KM-TN512-C / KM-TN512-M / KM-TN512-Y","Konica Minolta","454 E / 554 E / C 258 / C 308 / C 368 / C 454 / bizhub C454 / C454e / C554 / C554e","PARSED — confirm","",""
"Konica Minolta TN 328","KM-TN328-K / KM-TN328-C / KM-TN328-M / KM-TN328-Y","Konica Minolta","Bizhub C224 / C284 / C364 / C364E / C224E / C284E / MF222 / MF282 / MF362","PARSED — confirm","",""
"HP 415A","HP-415A-K / HP-415A-C / HP-415A-M / HP-415A-Y","HP","HP Colour LaserJet Enterprise M455dn / HP Colour LaserJet Pro M454dn / HP Colour LaserJet Pro M454dw","PARSED — confirm","",""
"HP 117A","HP-117A-K / HP-117A-C / HP-117A-M / HP-117A-Y","HP","HP Color Laser MFP 179fnw / 178nw / HP Color LAzer 150a150w","PARSED — confirm","",""
"Brother TN 277","BRO-TN277-K / BRO-TN277-C / BRO-TN277-M / BRO-TN277-Y","Brother","MFC-L3750CDW / DCP-L3551CDW / HL-3210CW","PARSED — confirm","",""
"Kyocera TK 5240","KYO-TK5240-K / KYO-TK5240-C / KYO-TK5240-M / KYO-TK5240-Y","Kyocera","Ecosys M5526cdw / P5026cdw / Ecosys M5526cdn / P5026cdn","PARSED — confirm","",""
"Canon 054","CAN-054-K / CAN-054-C / CAN-054-M / CAN-054-Y","Canon","MF645CX","PARSED — confirm","",""
"HP 953 XL","HP-953XL-K / HP-953XL-C / HP-953XL-M / HP-953XL-Y","HP","HP Officejet 8200 / 8700 Series","PARSED — confirm","",""
"HP 652 XL","HP-652XL-K / HP-652XL-CLR","HP","HP Ink Advantage 3635 / 3835 / 4535","PARSED — confirm","",""
"HP 123 XL","HP-123XL-K / HP-123XL-CLR","HP","HP 2130 / 2131","PARSED — confirm","",""
"Samsung CLT-506L","SAM-CLT506L-K / SAM-CLT506L-C / SAM-CLT506L-M / SAM-CLT506L-Y","Samsung","CLP 680 / CLX 6260","PARSED — confirm","",""
"Samsung CLT-504","SAM-CLT504-K / SAM-CLT504-C / SAM-CLT504-M / SAM-CLT504-Y","Samsung","CLP415 / CLX4195 / C1860","PARSED — confirm","",""
"Samsung CLT-409","SAM-CLT409-K / SAM-CLT409-C / SAM-CLT409-M / SAM-CLT409-Y","Samsung","CLP310 / 315","PARSED — confirm","",""
"Samsung CLT-407","SAM-CLT407-K / SAM-CLT407-C / SAM-CLT407-M / SAM-CLT407-Y","Samsung","CLP320 / 325 / CLX3185","PARSED — confirm","",""
"Samsung CLT-406","SAM-CLT406-K / SAM-CLT406-C / SAM-CLT406-M / SAM-CLT406-Y","Samsung","CLP365 / CLX3305 / C410 / C460","PARSED — confirm","",""
"Samsung CLT-404","SAM-CLT404-K / SAM-CLT404-C / SAM-CLT404-M / SAM-CLT404-Y","Samsung","C430 / C480","PARSED — confirm","",""
"Canon 045","CAN-045-K / CAN-045-C / CAN-045-M / CAN-045-Y","Canon","MF632 / 634 / 635 / LBP611 / 613","PARSED — confirm","",""
"Canon 731","CAN-731-K / CAN-731-C / CAN-731-M / CAN-731-Y","Canon","MF628 / 8280 / LBP7100","PARSED — confirm","",""
"Canon 729","CAN-729-K / CAN-729-C / CAN-729-M / CAN-729-Y","Canon","LBP 7000 Series","PARSED — confirm","",""
"Canon 718","CAN-718-K / CAN-718-C / CAN-718-M / CAN-718-Y","Canon","MF8300 Series / LBP7200 / 7600","PARSED — confirm","",""
"Canon 716","CAN-716-K / CAN-716-C / CAN-716-M / CAN-716-Y","Canon","LBP5050 / MF8030 / 8040 / 8050 / 8080","PARSED — confirm","",""
"Brother TN369","BRO-TN369-K / BRO-TN369-C / BRO-TN369-M / BRO-TN369-Y","Brother","HL L8350 / MFC L8600 / L8850","PARSED — confirm","",""
"Generic Brother TN265","BRO-TN265-C / BRO-TN265-M / BRO-TN265-Y","Brother","HL3150 / 3170 / MFC9140 / 9330","PARSED — confirm","",""
"Generic Brother TN348","BRO-TN348-K / BRO-TN348-C / BRO-TN348-M / BRO-TN348-Y","Brother","MFC9460 / 9970 / HL4150","PARSED — confirm","",""
"Generic Brother TN240","BRO-TN240-K / BRO-TN240-C / BRO-TN240-M / BRO-TN240-Y","Brother","MFC9120 / 9320 / HL3040","PARSED — confirm","",""
"Brother TN 2500XL","BRO-TN2500XL","Brother","MFC-L2800DW / L2827DWXL / L2860DWE / DCP-L2660 / L2627DWE","PARSED — confirm","",""
"HP 136X","HP-136X","HP","M211d / M236d / M236sdw","PARSED — confirm","",""
"Brother TN 3607XXL","BRO-TN3607XXL","Brother","MFC-L5710 / HL-L5210 / 6210 / 5510 / 6710 / 6910","PARSED — confirm","",""
"HP CF289X","HP-CF289X","HP","Enterprise M507 / 528","PARSED — confirm","",""
"HP 120A Drum Unit","HP-120ADRUMUNIT","HP","150 / MFP178 / MFP179","PARSED — confirm","",""
"OKI B432","OKI-B432","OKI","B412dn / B432dn / B512dn / MB492 / MB472","PARSED — confirm","",""
"Canon 056","CAN-056","Canon","LBP320 / 325 / MF540 Series / M542 / MF543 / MF441 / 443 / 449dw","PARSED — confirm","",""
"Canon 056H","CAN-056H","Canon","LBP320 / 325 / MF540 Series / M542 / MF543 / MF441 / 443 / 449","PARSED — confirm","",""
"HP CF289A","HP-CF289A","HP","Enterprise M507 / 528","PARSED — confirm","",""
"HP 145A","HP-145A","HP","Pro 3003 / MFP3103","PARSED — confirm","",""
"HP 105A","HP-105A","HP","107a / 107r / 107w / 135a / 137fnw","PARSED — confirm","",""
"Canon 070H","CAN-070H","Canon","LBP243 / 246 / 244 / 241 MF461 / 463 / 465 / 467","PARSED — confirm","",""
"Canon T06","CAN-T06","Canon","iR1643i & iR1643iF","PARSED — confirm","",""
"HP 150A","HP-150A","HP","M111a / 141a / 140a / 139(150A)","PARSED — confirm","",""
"HP 147A","HP-147A","HP","Enterprise M610 / M611 / M634 / M635 / M636","PARSED — confirm","",""
"Pantum TL5120H","PAN-TL5120H","Pantum","BP5100","PARSED — confirm","",""
"Pantum DL-5120","PAN-DL5120","Pantum","BP5100 / P3300 / BM5100","PARSED — confirm","",""
"Brother DR3405","BRO-DR3405","Brother","HL-L5200 / 6200 / MFC L5700DN","PARSED — confirm","",""
"Brother DR 3607","BRO-DR3607","Brother","HL-L5210 / 6210 / MFC L6710","PARSED — confirm","",""
"Brother TN 3607","BRO-TN3607","Brother","MFC-L5710 / HL-L5210 / 6210","PARSED — confirm","",""
"HP CF325X","HP-CF325X","HP","M806 / M830","PARSED — confirm","",""
"HP CF259X","HP-CF259X","HP","M304 / 404 / 428 / 430","PARSED — confirm","",""
"Canon 057H","CAN-057H","Canon","LBP226DW / 223DW / MF443DW","PARSED — confirm","",""
"Canon 071H","CAN-071H","Canon","LBP120dw / 122dw / MF272 / MF275","PARSED — confirm","",""
"HP 136A","HP-136A","HP","M209 / M211dw / M233 / M234 / M236","PARSED — confirm","",""
"HP 151X","HP-151X","HP","Pro MFP 4103fdw / Pro 4003dw","PARSED — confirm","",""
"HP 151A","HP-151A","HP","Pro MFP 4103dw / Pro 4003dn","PARSED — confirm","",""
"Kyocera TK 1140","KYO-TK1140","Kyocera","ECOSYS FS1035 / 1135 / M2035 / M2535","PARSED — confirm","",""
"Kyocera TK 6305","KYO-TK6305","Kyocera","Ecosys 3500","PARSED — confirm","",""
"Pantum TL5120","PAN-TL5120","Pantum","BP5100","PARSED — confirm","",""
"Ricoh 1270D","RIC-1270D","Ricoh","MP 201 / MP 161 / MP 171","PARSED — confirm","",""
"Kyocera TK 7125","KYO-TK7125","Kyocera","Taskalfa 3212","PARSED — confirm","",""
"HP CF287A","HP-CF287A","HP","Laserjet Pro M501 / Enterprise M527","PARSED — confirm","",""
"HP CF237A","HP-CF237A","HP","Enterprise M607 / M608","PARSED — confirm","",""
"HP CE390A","HP-CE390A","HP","Enterprise M4555f / Enterprise 600 Series","PARSED — confirm","",""
"HP Q5949X","HP-Q5949X","HP","1320","PARSED — confirm","",""
"Canon 049","CAN-049","Canon","MF112 / MF113 / LBP113w","PARSED — confirm","",""
"Canon 047","CAN-047","Canon","MF112 / MF113 / LBP113w","PARSED — confirm","",""
"HP CE314A Drum","HP-CE314ADRUM","HP","Pro 100 M175 / M275 / CP1025","PARSED — confirm","",""
"HP CF232A Drum Unit","HP-CF232ADRUMUNIT","HP","M203 / M227","PARSED — confirm","",""
"HP 207A Yellow W2212","HP-207AYELLOWW2212","HP","M255DW / M282NW / M283FDN","PARSED — confirm","",""
"HP 207A Magenta W2213","HP-207AMAGENTAW2213","HP","M255DW / M282NW / M283FDN","PARSED — confirm","",""
"HP 207A Cyan W2211","HP-207ACYANW2211","HP","M255DW / M282NW / M283FDN","PARSED — confirm","",""
"HP Q5949A","HP-Q5949A","HP","1160 / 1320 / P2014 / P2015 / M2727","PARSED — confirm","",""
"Pantum PC252H","PAN-PC252H","Pantum","P2512","PARSED — confirm","",""
"Pantum DL425X","PAN-DL425X","Pantum","M7105 / P3305","PARSED — confirm","",""
"Pantum DL410","PAN-DL410","Pantum","P3010 / P3300 / M6700 / M7100","PARSED — confirm","",""
"Pantum TL425X","PAN-TL425X","Pantum","M7105 / P3305","PARSED — confirm","",""
"Canon 071","CAN-071","Canon","LBP122 / MF272 / MF275","PARSED — confirm","",""
"Kyocera TK 3060","KYO-TK3060","Kyocera","Ecosys M3145 / 3645","PARSED — confirm","",""
"Kyocera TK 6115","KYO-TK6115","Kyocera","Ecosys M4125 / M4132","PARSED — confirm","",""
"HP 207A Black W2210","HP-207ABLACKW2210","HP","M255DW / M282NW / M283FDN","PARSED — confirm","",""
"Canon 057","CAN-057","Canon","LBP226DW / 223DW / MF443DW","PARSED — confirm","",""
"Kyocera TK 3130","KYO-TK3130","Kyocera","Kyocera Mita FS-4200DN / FS-4300DN / Ecosys M3550idn / M3560idn","PARSED — confirm","",""
"Ricoh SP 311","RIC-SP311","Ricoh","SP 311HE SP 311SFN / SP 311SFNw / 325","PARSED — confirm","",""
"Kyocera TK 4105","KYO-TK4105","Kyocera","TASKalfa 1800 / TASKalfa 2200 / TASKalfa 1801 / TASKalfa 2201","PARSED — confirm","",""
"Kyocera TK 3100","KYO-TK3100","Kyocera","Kyocera Mita FS-2100DN / FS-2100D / ECOSYS M3040dn / ECOSYS M3540dn","PARSED — confirm","",""
"Kyocera TK 1170","KYO-TK1170","Kyocera","ECOSYS M2040dn / M2540dn / M2640idw","PARSED — confirm","",""
"Ricoh MP 301","RIC-MP301","Ricoh","MP 301SP / MP 301SPF / Ricoh MP301SP / MP301SPF","PARSED — confirm","",""
"Pantum PC310H","PAN-PC310H","Pantum","P3100DL / 3255DN","PARSED — confirm","",""
"Pantum PC210H","PAN-PC210H","Pantum","P2200 / P2500 / M6500 / M6600","PARSED — confirm","",""
"Pantum TL410X","PAN-TL410X","Pantum","P3300 / M7100 / M7200 Series","PARSED — confirm","",""
"HP CE255X","HP-CE255X","HP","P3010 / 3015","PARSED — confirm","",""
"HP CF259A","HP-CF259A","HP","M304 / 404","PARSED — confirm","",""
"HP 106A","HP-106A","HP","107A / 135A / 137A","PARSED — confirm","",""
"HP 106X","HP-106X","HP","107A / 135A / 137A","PARSED — confirm","",""
"Canon 052 Black High Capacity","CAN-052BLACKHIGHCAPACITY","Canon","MF424 / 426 / 429 / LBP214 / 215","PARSED — confirm","",""
"Brother TN 1000","BRO-TN1000","Brother","HL-1210 / DCP-1610 / MFC 1910","PARSED — confirm","",""
"Brother DR 1000","BRO-DR1000","Brother","HL-1210 / DCP-1610 / MFC 1910","PARSED — confirm","",""
"Brother TN 2355","BRO-TN2355","Brother","HL-L2365 / MFC L2740","PARSED — confirm","",""
"Brother DR 2305","BRO-DR2305","Brother","HL-L2365 / MFC L2740","PARSED — confirm","",""
"Brother TN 2060","BRO-TN2060","Brother","HL-2130 / DCP-7055","PARSED — confirm","",""
"Generic Brother DR-2255","BRO-DR2255","Brother","HL-2130 / 2270 / MFC 7360 / 7860","PARSED — confirm","",""
"Brother TN 2280","BRO-TN2280","Brother","MFC 7360 / MFC 7860 / HL 2270","PARSED — confirm","",""
"Brother TN 3467","BRO-TN3467","Brother","HL-L5700 / 5900","PARSED — confirm","",""
"Generic Brother TN-3185","BRO-TN3185","Brother","HL-5240 / 5250 / 5270 / MFC8460 / 8860","PARSED — confirm","",""
"Generic Brother TN-2150","BRO-TN2150","Brother","DCP7030 / MFC7320 / 7440 / HL 2140 / 2150","PARSED — confirm","",""
"Brother TN 3290","BRO-TN3290","Brother","HL-5340 / 5350 / 5380 / MFC8370 / 8380","PARSED — confirm","",""
"Generic Brother TN-3350","BRO-TN3350","Brother","DCP8100 / 8200 Series / HL 5400 Series","PARSED — confirm","",""
"Samsung MLT 111L","SAM-MLT111L","Samsung","M2020 / 2070","PARSED — confirm","",""
"Samsung MLT-D101S","SAM-MLTD101S","Samsung","ML2160 / SCX3405","PARSED — confirm","",""
"Samsung MLT-D104S","SAM-MLTD104S","Samsung","ML 1660 / 1670 / 1860 / SCX 3200","PARSED — confirm","",""
"Samsung MLT-D105L","SAM-MLTD105L","Samsung","ML1910 / ML2525 / SCX4623","PARSED — confirm","",""
"Samsung MLT-D116L","SAM-MLTD116L","Samsung","M2675 / 2825 / 2875","PARSED — confirm","",""
"Samsung R116 Drum Unit","SAM-R116DRUMUNIT","Samsung","M2675 / 2825 / 2875","PARSED — confirm","",""
"Samsung MLT-D117S","SAM-MLTD117S","Samsung","SCX 4650 / 4655 / 4656","PARSED — confirm","",""
"Samsung MLT 119","SAM-MLT119","Samsung","SCX4521 / ML1610 / ML2010","PARSED — confirm","",""
"Samsung MLT-D203L","SAM-MLTD203L","Samsung","Pro Express M3320 / 3370 / 4020 / 4070","PARSED — confirm","",""
"Samsung MLT-D205L","SAM-MLTD205L","Samsung","ML3310 / 3710 / SCX4833","PARSED — confirm","",""
"Samsung MLT-D208L","SAM-MLTD208L","Samsung","SCX 5835 / 5635","PARSED — confirm","",""
"Samsung MLT-D209L","SAM-MLTD209L","Samsung","ML2855 / SCX4824 / 4828","PARSED — confirm","",""
"HP CE285A","HP-CE285A","HP","P1102 / M1212 / 1217 / P1005 / 1006 / M1120 / 1522","PARSED — confirm","",""
"HP CF217A","HP-CF217A","HP","M102 / M130","PARSED — confirm","",""
"HP CF226X","HP-CF226X","HP","M402 / M426","PARSED — confirm","",""
"HP CF226A","HP-CF226A","HP","M402 / M426","PARSED — confirm","",""
"HP CF283X","HP-CF283X","HP","M225","PARSED — confirm","",""
"HP CF283A","HP-CF283A","HP","M127 / M225","PARSED — confirm","",""
"HP CF280X","HP-CF280X","HP","Pro 400 M401 / M425","PARSED — confirm","",""
"HP CF280A","HP-CF280A","HP","Pro 400 M401 / M425","PARSED — confirm","",""
"HP CE278A","HP-CE278A","HP","Pro M1536 / P1566","PARSED — confirm","",""
"HP Q2612A","HP-Q2612A","HP","1018 / 1020","PARSED — confirm","",""
"HP CF230X","HP-CF230X","HP","M203","PARSED — confirm","",""
"HP CF219A Drum Unit","HP-CF219ADRUMUNIT","HP","M102 / M130","PARSED — confirm","",""
"HP CF214X","HP-CF214X","HP","Enterprise 700 M712 / M725","PARSED — confirm","",""
"HP CF281A","HP-CF281A","HP","Enterprise M604 / M605","PARSED — confirm","",""
"HP CE505X","HP-CE505X","HP","P2055","PARSED — confirm","",""
"HP CE505A","HP-CE505A","HP","P2035 / 2055","PARSED — confirm","",""
"HP CE255A","HP-CE255A","HP","P3015","PARSED — confirm","",""
"HP Q7551A","HP-Q7551A","HP","P3005 / M3027 / M3035","PARSED — confirm","",""
"HP Q7553X","HP-Q7553X","HP","P2015 / M2727","PARSED — confirm","",""
"HP Q7553A","HP-Q7553A","HP","1160 / 1320 / P2014 / P2015 / M2727","PARSED — confirm","",""
"HP C 15/13/24A","HP-C151324A","HP","1000 / 1200 / 1300 / 1150 / q2613a","PARSED — confirm","",""
"Samsung MLT-D109S","SAM-MLTD109S","Samsung","SCX4300","PARSED — confirm","",""
"Samsung MLT-D108S","SAM-MLTD108S","Samsung","ML1640","PARSED — confirm","",""
"Samsung MLT-D103L","SAM-MLTD103L","Samsung","ML2955 / SCX4726 / 4729","PARSED — confirm","",""
"Canon 728","CAN-728","Canon","MF4410 / 4430 / 4450 / 4730 / 4750","PARSED — confirm","",""
"Canon 737","CAN-737","Canon","MF211 / 212 / 216 / 217 / 237 / 226","PARSED — confirm","",""
"Canon 725","CAN-725","Canon","LBP6000 / 6020 / 6030 / MF3010","PARSED — confirm","",""
"Canon 726","CAN-726","Canon","MF4410 / 4412 / 4420 / 4450 / 4550","PARSED — confirm","",""
"Canon 713","CAN-713","Canon","LBP3250","PARSED — confirm","",""
"Canon 712","CAN-712","Canon","LBP3010 / 3100","PARSED — confirm","",""
"Canon EP-27","CAN-EP27","Canon","MF3110 / 3220 / 5770 / LBP3200","PARSED — confirm","",""
"Canon 703","CAN-703","Canon","LBP2900 / 3000","PARSED — confirm","",""
"Canon FX-10","CAN-FX10","Canon","L95 / L100 / L120","PARSED — confirm","",""
"Xerox 3117","XER-3117","Xerox","Phaser 3117 / 3122 / 3124 / 3125","PARSED — confirm","",""
"Xerox 3010/3040/3045","XER-301030403045","Xerox","Phaser 3010 / 3040 / WorkCentre 3045","PARSED — confirm","",""
"Xerox 3100","XER-3100","Xerox","Phaser 3100","PARSED — confirm","",""
"Xerox 3140","XER-3140","Xerox","Phaser 3140 / 3155 / 3160","PARSED — confirm","",""
"Xerox 3200","XER-3200","Xerox","Phaser 3200","PARSED — confirm","",""
"Lexmark E250","LEX-E250","Lexmark","E250","PARSED — confirm","",""
"Lexmark E260","LEX-E260","Lexmark","E260","PARSED — confirm","",""
"Lexmark E120","LEX-E120","Lexmark","E120","PARSED — confirm","",""
"Generic Brother TN-2025","BRO-TN2025","Brother","Fax2820 / 2920 / HL2030 / 2040 / 2070","PARSED — confirm","",""
"HP 652A Black","HP-652A-K","HP","Enterprise M651 / M680","PARSED — confirm","",""
"Canon 052 Black","CAN-052-K","Canon","MF424 / 426 / 429 / LBP214 / 215","PARSED — confirm","",""
"HP CF543A Magenta","HP-CF543A-M","HP","Pro M254","PARSED — confirm","",""
"HP CF542A Yellow","HP-CF542A-Y","HP","Pro M254","PARSED — confirm","",""
"HP CF541A Cyan","HP-CF541A-C","HP","Pro M254","PARSED — confirm","",""
"HP CF540A Black","HP-CF540A-K","HP","Pro M254","PARSED — confirm","",""
"HP CF533A Magenta","HP-CF533A-M","HP","Pro M154 / M180","PARSED — confirm","",""
"HP CF532A Yellow","HP-CF532A-Y","HP","Pro M154 / M180","PARSED — confirm","",""
"HP CF531A Cyan","HP-CF531A-C","HP","Pro M154 / M180","PARSED — confirm","",""
"HP CF530A Black","HP-CF530A-K","HP","Pro M154 / M180","PARSED — confirm","",""
"HP CF413A Magenta","HP-CF413A-M","HP","Pro M452 / M377 / M477","PARSED — confirm","",""
"HP CF412A Yellow","HP-CF412A-Y","HP","Pro M452 / M377 / M477","PARSED — confirm","",""
"HP CF411A Cyan","HP-CF411A-C","HP","Pro M452 / M377 / M477","PARSED — confirm","",""
"HP CF410A Black","HP-CF410A-K","HP","Pro M452 / M377 / M477","PARSED — confirm","",""
"HP CF403A Magenta","HP-CF403A-M","HP","M252 / M277","PARSED — confirm","",""
"HP CF402A Yellow","HP-CF402A-Y","HP","M252 / M277","PARSED — confirm","",""
"HP CF401A Cyan","HP-CF401A-C","HP","M252 / M277","PARSED — confirm","",""
"HP CF400A Black","HP-CF400A-K","HP","M252 / M277","PARSED — confirm","",""
"HP CE253A Magenta","HP-CE253A-M","HP","CP3520 / 3525 / 3530","PARSED — confirm","",""
"HP CE252A Yellow","HP-CE252A-Y","HP","CP3520 / 3525 / 3530","PARSED — confirm","",""
"HP CE251A Cyan","HP-CE251A-C","HP","CP3520 / 3525 / 3530","PARSED — confirm","",""
"HP CE250A Black","HP-CE250A-K","HP","CP3520 / 3525 / 3530","PARSED — confirm","",""
"HP CE403A Magenta","HP-CE403A-M","HP","Enterprise 500 M575 / M551","PARSED — confirm","",""
"HP CE402A Yellow","HP-CE402A-Y","HP","Enterprise 500 M575 / M551","PARSED — confirm","",""
"HP CE401A Cyan","HP-CE401A-C","HP","Enterprise 500 M575 / M551","PARSED — confirm","",""
"HP CE400A Black","HP-CE400A-K","HP","Enterprise 500 M575 / M551","PARSED — confirm","",""
"HP CF353A Magenta","HP-CF353A-M","HP","Pro M176 / M177","PARSED — confirm","",""
"HP CF352A Yellow","HP-CF352A-Y","HP","Pro M176 / M177","PARSED — confirm","",""
"HP CF351A Cyan","HP-CF351A-C","HP","Pro M176 / M177","PARSED — confirm","",""
"HP CF350A Black","HP-CF350A-K","HP","Pro M176 / M177","PARSED — confirm","",""
"HP CE313A Magenta","HP-CE313A-M","HP","Pro 100 M175 / M275 / CP1025","PARSED — confirm","",""
"HP CE312A Yellow","HP-CE312A-Y","HP","Pro 100 M175 / M275 / CP1025","PARSED — confirm","",""
"HP CE311A Cyan","HP-CE311A-C","HP","Pro 100 M175 / M275 / CP1025","PARSED — confirm","",""
"HP CE310A Black","HP-CE310A-K","HP","Pro 100 M175 / M275 / CP1025","PARSED — confirm","",""
"HP CE413A Magenta","HP-CE413A-M","HP","Pro M351 / 375 / 451","PARSED — confirm","",""
"HP CE412A Yellow","HP-CE412A-Y","HP","Pro M351 / 375 / 451","PARSED — confirm","",""
"HP CE411A Cyan","HP-CE411A-C","HP","Pro M351 / 375 / 451","PARSED — confirm","",""
"HP CE410A Black","HP-CE410A-K","HP","Pro M351 / 375 / 451","PARSED — confirm","",""
"HP CC533A Magenta","HP-CC533A-M","HP","CM2025 / CM2320","PARSED — confirm","",""
"HP CC532A Yellow","HP-CC532A-Y","HP","CM2025 / CM2320","PARSED — confirm","",""
"HP CC531A Cyan","HP-CC531A-C","HP","CM2025 / CM2320","PARSED — confirm","",""
"HP CC530A Black","HP-CC530A-K","HP","CM2025 / CM2320","PARSED — confirm","",""
"HP CF210X Black","HP-CF210X-K","HP","Pro 200 M251 / M276","PARSED — confirm","",""
"HP CF213A Magenta","HP-CF213A-M","HP","Pro 200 M251 / M276","PARSED — confirm","",""
"HP CF212A Yellow","HP-CF212A-Y","HP","Pro 200 M251 / M276","PARSED — confirm","",""
"HP CF211A Cyan","HP-CF211A-C","HP","Pro 200 M251 / M276","PARSED — confirm","",""
"HP CF210A Black","HP-CF210A-K","HP","Pro 200 M251 / M276","PARSED — confirm","",""
"HP CE323A Magenta","HP-CE323A-M","HP","Pro CP1525 / CM1415","PARSED — confirm","",""
"HP CE322A Yellow","HP-CE322A-Y","HP","Pro CP1525 / CM1415","PARSED — confirm","",""
"HP CE321A Cyan","HP-CE321A-C","HP","Pro CP1525 / CM1415","PARSED — confirm","",""
"HP CE320A Black","HP-CE320A-K","HP","Pro CP1525 / CM1415","PARSED — confirm","",""
"HP CB543A Magenta","HP-CB543A-M","HP","CP1215 / 1515 / 1518 / CM1312","PARSED — confirm","",""
"HP CB542A Yellow","HP-CB542A-Y","HP","CP1215 / 1515 / 1518 / CM1312","PARSED — confirm","",""
"HP CB541A Cyan","HP-CB541A-C","HP","CP1215 / 1515 / 1518 / CM1312","PARSED — confirm","",""
"HP CB540A Black","HP-CB540A-K","HP","CP1215 / 1515 / 1518 / CM1312","PARSED — confirm","",""
"Canon CL 446 XL Colour","CAN-CL446XL-CLR","Canon","MG 2440 / MX 494","PARSED — confirm","",""
"Canon PG 445 XL Black","CAN-PG445XL-K","Canon","MG 2440 / MX 494","PARSED — confirm","",""
"Canon 731 High Yield Black","CAN-731HIGHYIELD-K","Canon","MF628 / 8280 / LBP7100","PARSED — confirm","",""
"Canon 719 Black","CAN-719-K","Canon","LBP6300 / MF5840 / 5880","PARSED — confirm","",""
"Generic Brother TN261 Black","BRO-TN261-K","Brother","HL3150 / 3170 / MFC9140 / 9330","PARSED — confirm","",""
"Generic Brother LC-472 XL","BRO-LC472XL-K / BRO-LC472XL-C / BRO-LC472XL-M / BRO-LC472XL-Y","Brother","MFC-J5340DW / J5345DW / J5740DW / J6540DW / J6940DW / J2340DW / J3540DW / J3940DW","RESEARCHED — needs confirmation","",""
"HP 903 XL","HP-903XL-K / HP-903XL-C / HP-903XL-M / HP-903XL-Y","HP","OfficeJet 6950 / 6960 / 6961 / 6963 / 6964 / 6965 / 6966 / 6968 / 6970 / 6971 / 6974 / 6975 / 6976 / 6978 / 6979","RESEARCHED — needs confirmation","",""
"Canon CLI 471 XL","CAN-CLI471XL-K / CAN-CLI471XL-C / CAN-CLI471XL-M / CAN-CLI471XL-Y","Canon","PIXMA MG5740 / MG6840 / TS5040 / TS6040 / TS8040 / TS9040","RESEARCHED — needs confirmation","",""
"HP 935 XL","HP-935XL-C / HP-935XL-M / HP-935XL-Y","HP","OfficeJet Pro 6230 / 6830 / 6835 / 6836 / OfficeJet 6220 / 6800 / 6812 / 6815 / 6820 / 6822 / 6825","RESEARCHED — needs confirmation","",""
"HP 933 XL","HP-933XL-C / HP-933XL-M / HP-933XL-Y","HP","OfficeJet 6100 / 6600 / 6700 / 7110 / 7510 / 7610 / 7612 / 7620","RESEARCHED — needs confirmation","",""
"HP 655","HP-655-K / HP-655-C / HP-655-M / HP-655-Y","HP","DeskJet 3525 / 4615 / 4625 / 5525 / 6520 / 6525","RESEARCHED — needs confirmation","",""
"HP 951 XL","HP-951XL-C / HP-951XL-M / HP-951XL-Y","HP","OfficeJet Pro 8100 / 8110 / 8600 / 8610 / 8615 / 8620 / 8625 / 8630 / 8640 / 8660 / 251DW / 276DW","RESEARCHED — needs confirmation","",""
"HP 178 XL","HP-178XL-K / HP-178XL-C / HP-178XL-M / HP-178XL-Y","HP","Photosmart 5510 / 5514 / 5515 / 5520 / 5521 / 6510 / 6512 / 6515 / 6520 / 6521 / 7510 / 7515 / C5300 / C5380 / C5383 / C6300 / C6380 / D5460 / D5463","RESEARCHED — needs confirmation","",""
"HP 177","HP-177-K / HP-177-C / HP-177-M / HP-177-Y","HP","Photosmart 3210 / 3213 / 3308 / 3310 / 3313 / 8230 / 8238 / 8250 / 8253 / C5140 / C5150 / C5180","RESEARCHED — needs confirmation","",""
"HP 920 XL","HP-920XL-K / HP-920XL-C / HP-920XL-M / HP-920XL-Y","HP","OfficeJet 6000 / 6500 / 6500A / 7000 / 7500 / 7500A","RESEARCHED — needs confirmation","",""
"HP 650 XL","HP-650XL-K / HP-650XL3-CLR","HP","DeskJet 1015 / 1515 / 2515 / 2545 / 2645 / 3515 / 2548 / 3548 / 4518 / 2648 / 4648 / 4645","RESEARCHED — needs confirmation","",""
"HP 122 XL","HP-122XL-K / HP-122XL3-CLR","HP","DeskJet 1000 / 1010 / 1011 / 1015 / 1050 / 1055 / 1510 / 1512 / 2050 / 2510 / 2514 / 2540 / 2545 / 3050 / 3054 / 3510 / 3512 / ENVY 4500 / 4502 / 4504 / 5530 / 5534 / OfficeJet 2620 / 2622 / 4630 / 4632","RESEARCHED — needs confirmation","",""
"HP 121 XL","HP-121XL-K / HP-121XL3-CLR","HP","DeskJet D2563 / D2660 / F2423 / F2480 / F4580 / Photosmart C4680 / C4780","RESEARCHED — needs confirmation","",""
"Canon PGI-1400 XL","CAN-PGI1400XL-K / CAN-PGI1400XL-C / CAN-PGI1400XL-M / CAN-PGI1400XL-Y","Canon","MAXIFY MB2040 / MB2140 / MB2340 / MB2740","RESEARCHED — needs confirmation","",""
"Canon PGI-2400 XL","CAN-PGI2400XL-K / CAN-PGI2400XL-C / CAN-PGI2400XL-M / CAN-PGI2400XL-Y","Canon","MAXIFY IB4040 / IB4140 / MB5040 / MB5140 / MB5340 / MB5440","RESEARCHED — needs confirmation","",""
"Canon CLI-451XL","CAN-CLI451XL-K / CAN-CLI451XL-C / CAN-CLI451XL-M / CAN-CLI451XL-Y","Canon","PIXMA MG5440 / MG5540 / MG5640 / MG6440 / MG6640 / iP7240 / iP8740 / iX6840","RESEARCHED — needs confirmation","",""
"Canon CLI-426","CAN-CLI426-K / CAN-CLI426-C / CAN-CLI426-M / CAN-CLI426-Y","Canon","PIXMA IP4840 / IP4940 / IX6540 / MG5140 / MG5240 / MG5340 / MG6140 / MG6240 / MG8140 / MX884","RESEARCHED — needs confirmation","",""
"Generic Brother LC-3719XL","BRO-LC3719XL-K / BRO-LC3719XL-C / BRO-LC3719XL-M / BRO-LC3719XL-Y","Brother","MFC-J3530DW / J2730DW","RESEARCHED — needs confirmation","",""
"Generic Brother LC-77","BRO-LC77-K / BRO-LC77-C / BRO-LC77-M / BRO-LC77-Y","Brother","MFC-J280W / J425W / J430W / J435W / J625DW / J825DW / J835DW / J5910DW / J6510DW / J6710DW / J6910DW","RESEARCHED — needs confirmation","",""
"Generic Brother LC-39","BRO-LC39-K / BRO-LC39-C / BRO-LC39-M / BRO-LC39-Y","Brother","DCP-J125 / J315W / J515W / MFC-J220 / J265W / J410 / J415W","RESEARCHED — needs confirmation","",""
"Generic Brother LC-38/67","BRO-LC3867-K / BRO-LC3867-C / BRO-LC3867-M / BRO-LC3867-Y","Brother","DCP-145C / 165C / 185C / 195C / 375CW / 385C / 395CN / J125 / J140W / MFC-250C / 255CW / 290C / 295CN / 490CN / 490CW / 5490CN / 5890CN / 5895CW / 6490CN / 6490CW / 670CD / 670CDW / 790CW / 795CW / 990CW / J220 / J265W / J410 / J415W / J615W / J630W","RESEARCHED — needs confirmation","",""
"Generic Brother LC-675 XL","BRO-LC675XL-C / BRO-LC675XL-M / BRO-LC675XL-Y","Brother","MFC-J2320 / J2720","RESEARCHED — needs confirmation","",""
"Generic Brother LC-565 XL","BRO-LC565XL-C / BRO-LC565XL-M / BRO-LC565XL-Y","Brother","MFC-J2310 / J2510 / J3520 / J3720","RESEARCHED — needs confirmation","",""
"Generic Brother LC-535 XL","BRO-LC535XL-C / BRO-LC535XL-M / BRO-LC535XL-Y","Brother","DCP-J100 / J105 / MFC-J200","RESEARCHED — needs confirmation","",""
"HP - 123 Toets","HP-123TOETS","","DeskJet 1110 / 1115 / 2130 / 2132 / 2133 / 3630 / 3632 / 3637 / 3638 / ENVY 5020 / 5055","RESEARCHED — needs confirmation","",""
"GI-490 Yellow (70ml)","GI-4-YELLOW70ML","Canon","PIXMA G1400 / G1410 / G1411 / G2400 / G2410 / G2411 / G3400 / G3410 / G3411 / G4400 / G4410 / G4411","RESEARCHED — needs confirmation","",""
"GI-490 Magenta (70ml)","GI-4-MAGENTA70ML","Canon","PIXMA G1400 / G1410 / G1411 / G2400 / G2410 / G2411 / G3400 / G3410 / G3411 / G4400 / G4410 / G4411","RESEARCHED — needs confirmation","",""
"GI-490 Cyan (70ml)","GI-4-CYAN70ML","Canon","PIXMA G1400 / G1410 / G1411 / G2400 / G2410 / G2411 / G3400 / G3410 / G3411 / G4400 / G4410 / G4411","RESEARCHED — needs confirmation","",""
"GI-490 Black (135ml)","GI-4-BLACK135ML","Canon","PIXMA G1400 / G1410 / G1411 / G2400 / G2410 / G2411 / G3400 / G3410 / G3411 / G4400 / G4410 / G4411","RESEARCHED — needs confirmation","",""
"Generic Brother LC-569 XL B","BRO-LC569XLB","Brother","MFC-J2310 / J2510 / J3520 / J3720","RESEARCHED — needs confirmation","",""
"Epson T6644 Yellow","EPS-T6644-Y","Epson","EcoTank L100 / L110 / L120 / L130 / L200 / L210 / L220 / L300 / L310 / L350 / L355 / L360 / L365 / L380 / L550 / L555 / L1300","RESEARCHED — needs confirmation","",""
"Epson T6643 Magenta","EPS-T6643-M","Epson","EcoTank L100 / L110 / L120 / L130 / L200 / L210 / L220 / L300 / L310 / L350 / L355 / L360 / L365 / L380 / L550 / L555 / L1300","RESEARCHED — needs confirmation","",""
"Epson T6642 Cyan","EPS-T6642-C","Epson","EcoTank L100 / L110 / L120 / L130 / L200 / L210 / L220 / L300 / L310 / L350 / L355 / L360 / L365 / L380 / L550 / L555 / L1300","RESEARCHED — needs confirmation","",""
"Epson T6641 Black","EPS-T6641-K","Epson","EcoTank L100 / L110 / L120 / L130 / L200 / L210 / L220 / L300 / L310 / L350 / L355 / L360 / L365 / L380 / L550 / L555 / L1300","RESEARCHED — needs confirmation","",""
"Canon PGI 470 XL Black","CAN-PGI470XL-K","Canon","PIXMA MG5740 / MG6840 / TS5040 / TS6040 / TS8040 / TS9040","RESEARCHED — needs confirmation","",""
"HP 934 XL BLACK","HP-934XL-K","HP","OfficeJet Pro 6230 / 6830 / 6835 / 6836 / OfficeJet 6220 / 6800 / 6812 / 6815 / 6820 / 6822 / 6825","RESEARCHED — needs confirmation","",""
"HP 932 XL Black","HP-932XL-K","HP","OfficeJet 6100 / 6600 / 6700 / 7110 / 7510 / 7610 / 7612 / 7620","RESEARCHED — needs confirmation","",""
"HP 950 XL Black","HP-950XL-K","HP","OfficeJet Pro 8100 / 8110 / 8600 / 8610 / 8615 / 8620 / 8625 / 8630 / 8640 / 8660 / 251DW / 276DW","RESEARCHED — needs confirmation","",""
"HP 177 Magenta Light","HP-177MAGENTALIGHT","HP","Photosmart 3210 / 3213 / 3308 / 3310 / 3313 / 8230 / 8238 / 8250 / 8253 / C5140 / C5150 / C5180","RESEARCHED — needs confirmation","",""
"HP 177 Cyan Light","HP-177CYANLIGHT","HP","Photosmart 3210 / 3213 / 3308 / 3310 / 3313 / 8230 / 8238 / 8250 / 8253 / C5140 / C5150 / C5180","RESEARCHED — needs confirmation","",""
"HP 901 XL Black","HP-901XL-K","HP","OfficeJet 4500 / G510a / G510g / G510n / J4500 / J4524 / J4540 / J4550 / J4580 / J4640 / J4680","RESEARCHED — needs confirmation","",""
"HP 901 3-Colour","HP-9013-CLR","HP","OfficeJet 4500 / G510a / G510g / G510n / J4500 / J4524 / J4540 / J4550 / J4580 / J4640 / J4680","RESEARCHED — needs confirmation","",""
"HP 141 XL 3-Colour","HP-141XL3-CLR","HP","Photosmart C4200 / C4280 / C4380 / C4400 / C4450 / C4470 / C4480 / C4485 / C4488 / C4493","RESEARCHED — needs confirmation","",""
"HP 140 XL Black","HP-140XL-K","HP","Photosmart C4200 / C4280 / C4380 / C4400 / C4450 / C4470 / C4480 / C4485 / C4488 / C4493","RESEARCHED — needs confirmation","",""
"HP 136 3-Colour","HP-1363-CLR","HP","DeskJet 5443 / D4163 / OfficeJet 6313 / Photosmart 2573 / C3183 / C4183 / D5163 / PSC 1513","RESEARCHED — needs confirmation","",""
"HP 132 Black","HP-132-K","HP","DeskJet D4145 / D4155 / D4160 / D4163 / D4168 / 5943 / 6983 / Photosmart 2575 / 8050 / C4180 / D5063 / OfficeJet 6310","RESEARCHED — needs confirmation","",""
"HP 134 3-Colour","HP-1343-CLR","HP","DeskJet 460C / 460CB / 5743 / 5943 / 6543 / 6843 / 6943 / 6983 / OfficeJet 100 / 150 / 6213 / 7213 / 7313 / 7413 / Photosmart 325 / 335 / 375 / 385 / 428 / 475 / 2573 / 2613 / 2713 / 8053","RESEARCHED — needs confirmation","",""
"HP 131 Black","HP-131-K","HP","DeskJet D4145 / D4155 / D4160 / D4163 / D4168 / 5943 / 6983 / Photosmart 2575 / 8050 / C4180 / D5063 / OfficeJet 6310","RESEARCHED — needs confirmation","",""
"HP 130 Black","HP-130-K","HP","DeskJet D4145 / D4155 / D4160 / D4163 / D4168 / 5943 / 6983 / Photosmart 2575 / 8050 / C4180 / D5063 / OfficeJet 6310","RESEARCHED — needs confirmation","",""
"HP 28 3-Colour","HP-283-CLR","HP","DeskJet 3320 / 3420 / 3550 / 3650 / 3740 / 3840 / 5650 / 5652 / 5850 / PSC 1110 / 1210 / 1315 / OfficeJet 5605 / 5610","RESEARCHED — needs confirmation","",""
"HP 27 Black","HP-27-K","HP","DeskJet 3320 / 3420 / 3550 / 3650 / 3740 / 3840 / 5650 / 5652 / 5850 / PSC 1110 / 1210 / 1315 / OfficeJet 5605 / 5610","RESEARCHED — needs confirmation","",""
"HP 57 3-Colour","HP-573-CLR","HP","DeskJet 3320 / 3420 / 3550 / 3650 / 3740 / 3840 / 5650 / 5652 / 5850 / PSC 1110 / 1210 / 1315 / OfficeJet 5605 / 5610","RESEARCHED — needs confirmation","",""
"HP 56 Black","HP-56-K","HP","DeskJet 3320 / 3420 / 3550 / 3650 / 3740 / 3840 / 5650 / 5652 / 5850 / PSC 1110 / 1210 / 1315 / OfficeJet 5605 / 5610","RESEARCHED — needs confirmation","",""
"HP 22 XL 3-Colour","HP-22XL3-CLR","HP","DeskJet 3320 / 3420 / 3550 / 3650 / 3740 / 3840 / PSC 1100 / 1110 / 1210 / 1315","RESEARCHED — needs confirmation","",""
"HP 21 XL Black","HP-21XL-K","HP","DeskJet 3320 / 3420 / 3550 / 3650 / 3740 / 3840 / PSC 1100 / 1110 / 1210 / 1315","RESEARCHED — needs confirmation","",""
"HP 129 Black","HP-129-K","HP","DeskJet D4145 / D4155 / D4160 / D4163 / D4168 / 5943 / 6983 / Photosmart 2575 / 8050 / C4180 / D5063 / OfficeJet 6310","RESEARCHED — needs confirmation","",""
"HP 17 3-Colour","HP-173-CLR","HP","DeskJet 816 / 825 / 827 / 840 / 841 / 842 / 843 / 845 / 848","RESEARCHED — needs confirmation","",""
"HP 23 3-Colour","HP-233-CLR","HP","DeskJet 782C / 810 / 812 / 815 / 830 / PSC 500 / OfficeJet v30 / v40 / v45","RESEARCHED — needs confirmation","",""
"HP 78 3-Colour","HP-783-CLR","HP","DeskJet 920 / 930 / 932 / 940 / 955 / 960 / 980 / 3820 / 9300 / OfficeJet g55 / g85 / k80 / v40 / PSC 750 / 950","RESEARCHED — needs confirmation","",""
"Samsung  M43 Black","SAM-M43-K","Samsung","SF-370 / SF-371 / SF-375TP","RESEARCHED — needs confirmation","",""
"Samsung  M40 Black","SAM-M40-K","Samsung","SF-335 / SF-345T / SF-360 / SF-365","RESEARCHED — needs confirmation","",""
"Canon PGI-450XL Black","CAN-PGI450XL-K","Canon","PIXMA MG5440 / MG5540 / MG5640 / MG6340 / MG6440 / iP7240 / iP8740 / iX6840","RESEARCHED — needs confirmation","",""
"Canon PGI-425 Black","CAN-PGI425-K","Canon","PIXMA IP4840 / IP4940 / IX6540 / MG5140 / MG5240 / MG5340 / MG6140 / MG6240 / MG8140 / MX884","RESEARCHED — needs confirmation","",""
"Lexmark Nr.35 Colour","LEX-NR35-CLR","Lexmark","X2500 / X2530 / X2550 / X3330 / X3350 / X3550 / X4550 / X5250 / X5340 / X5410 / X5470 / Z815 / Z845","RESEARCHED — needs confirmation","",""
"Lexmark Nr. 34 Black","LEX-NR34-K","Lexmark","X2500 / X2530 / X2550 / X3330 / X3350 / X3550 / X4550 / X5250 / X5340 / X5410 / X5470 / Z815 / Z845","RESEARCHED — needs confirmation","",""
"Lexmark Nr.37 XL Colour","LEX-NR37XL-CLR","Lexmark","X3650 / X4650 / X5650 / X5650es / X6650 / X6675 / Z2400 / Z2420","RESEARCHED — needs confirmation","",""
"Lexmark Nr.36 XL Black","LEX-NR36XL-K","Lexmark","X3650 / X4650 / X5650 / X5650es / X6650 / X6675 / Z2400 / Z2420","RESEARCHED — needs confirmation","",""
"Lexmark Nr.26 Colour","LEX-NR26-CLR","Lexmark","i3 / X1100 / X1110 / X1130 / X1150 / X1185 / X1290 / X2230 / X2240 / X2250 / X72 / X74 / Z600 / Z605 / Z615 / Z640 / Z645","RESEARCHED — needs confirmation","",""
"Lexmark Nr.16 Black","LEX-NR16-K","Lexmark","i3 / X1100 / X1110 / X1130 / X1150 / X1185 / X1290 / X2230 / X2240 / X2250 / X72 / X74 / Z600 / Z605 / Z615 / Z640 / Z645","RESEARCHED — needs confirmation","",""
"Lexmark Nr.15 Colour","LEX-NR15-CLR","Lexmark","X2600 / X2630 / X2650 / X2670 / Z2300 / Z2320","RESEARCHED — needs confirmation","",""
"Lexmark Nr. 14 Black","LEX-NR14-K","Lexmark","X2600 / X2630 / X2650 / X2670 / Z2300 / Z2320","RESEARCHED — needs confirmation","",""
"Epson T0796 Photo Magenta","EPS-T0796PHOTO-M","Epson","Stylus Photo 1400 / 1410 / 1500W / P50 / PX650 / PX660 / PX700W / PX710W / PX730WD / PX800FW / PX810FW / PX820FWD / PX830FWD","RESEARCHED — needs confirmation","",""
"Epson T0795 Photo Cyan","EPS-T0795PHOTO-C","Epson","Stylus Photo 1400 / 1410 / 1500W / P50 / PX650 / PX660 / PX700W / PX710W / PX730WD / PX800FW / PX810FW / PX820FWD / PX830FWD","RESEARCHED — needs confirmation","",""
"Epson T0794 Yellow","EPS-T0794-Y","Epson","Stylus Photo 1400 / 1410 / 1500W / P50 / PX650 / PX660 / PX700W / PX710W / PX730WD / PX800FW / PX810FW / PX820FWD / PX830FWD","RESEARCHED — needs confirmation","",""
"Epson T0793 Magenta","EPS-T0793-M","Epson","Stylus Photo 1400 / 1410 / 1500W / P50 / PX650 / PX660 / PX700W / PX710W / PX730WD / PX800FW / PX810FW / PX820FWD / PX830FWD","RESEARCHED — needs confirmation","",""
"Epson T0792 Cyan","EPS-T0792-C","Epson","Stylus Photo 1400 / 1410 / 1500W / P50 / PX650 / PX660 / PX700W / PX710W / PX730WD / PX800FW / PX810FW / PX820FWD / PX830FWD","RESEARCHED — needs confirmation","",""
"Epson T0791 Black","EPS-T0791-K","Epson","Stylus Photo 1400 / 1410 / 1500W / P50 / PX650 / PX660 / PX700W / PX710W / PX730WD / PX800FW / PX810FW / PX820FWD / PX830FWD","RESEARCHED — needs confirmation","",""
"Epson T7024 Yellow","EPS-T7024-Y","Epson","WorkForce Pro WP-4015 / WP-4020 / WP-4025 / WP-4095 / WP-4515 / WP-4520 / WP-4525 / WP-4530 / WP-4535 / WP-4540 / WP-4545 / WP-4590 / WP-4595","RESEARCHED — needs confirmation","",""
"Epson T7023 Magenta","EPS-T7023-M","Epson","WorkForce Pro WP-4015 / WP-4020 / WP-4025 / WP-4095 / WP-4515 / WP-4520 / WP-4525 / WP-4530 / WP-4535 / WP-4540 / WP-4545 / WP-4590 / WP-4595","RESEARCHED — needs confirmation","",""
"Epson T7022 Cyan","EPS-T7022-C","Epson","WorkForce Pro WP-4015 / WP-4020 / WP-4025 / WP-4095 / WP-4515 / WP-4520 / WP-4525 / WP-4530 / WP-4535 / WP-4540 / WP-4545 / WP-4590 / WP-4595","RESEARCHED — needs confirmation","",""
"Epson T7021 Black","EPS-T7021-K","Epson","WorkForce Pro WP-4015 / WP-4020 / WP-4025 / WP-4095 / WP-4515 / WP-4520 / WP-4525 / WP-4530 / WP-4535 / WP-4540 / WP-4545 / WP-4590 / WP-4595","RESEARCHED — needs confirmation","",""
"Epson T1294 Yellow","EPS-T1294-Y","Epson","Stylus SX230 / SX235W / SX420W / SX425W / SX430W / SX435W / SX445W / SX525WD / SX535WD / SX620FW / Stylus Office BX305F / BX320FW / BX525WD / BX535WD / BX625FWD / BX630FW / BX635FWD / WorkForce WF-3010 / WF-3520 / WF-3530 / WF-3540 / WF-7015 / WF-7515 / WF-7525","RESEARCHED — needs confirmation","",""
"Epson T1293 Magenta","EPS-T1293-M","Epson","Stylus SX230 / SX235W / SX420W / SX425W / SX430W / SX435W / SX445W / SX525WD / SX535WD / SX620FW / Stylus Office BX305F / BX320FW / BX525WD / BX535WD / BX625FWD / BX630FW / BX635FWD / WorkForce WF-3010 / WF-3520 / WF-3530 / WF-3540 / WF-7015 / WF-7515 / WF-7525","RESEARCHED — needs confirmation","",""
"Epson T1292 Cyan","EPS-T1292-C","Epson","Stylus SX230 / SX235W / SX420W / SX425W / SX430W / SX435W / SX445W / SX525WD / SX535WD / SX620FW / Stylus Office BX305F / BX320FW / BX525WD / BX535WD / BX625FWD / BX630FW / BX635FWD / WorkForce WF-3010 / WF-3520 / WF-3530 / WF-3540 / WF-7015 / WF-7515 / WF-7525","RESEARCHED — needs confirmation","",""
"Epson T1291 Black","EPS-T1291-K","Epson","Stylus SX230 / SX235W / SX420W / SX425W / SX430W / SX435W / SX445W / SX525WD / SX535WD / SX620FW / Stylus Office BX305F / BX320FW / BX525WD / BX535WD / BX625FWD / BX630FW / BX635FWD / WorkForce WF-3010 / WF-3520 / WF-3530 / WF-3540 / WF-7015 / WF-7515 / WF-7525","RESEARCHED — needs confirmation","",""
"Epson T0924 Yellow","EPS-T0924-Y","Epson","Stylus C51 / C91 / CX4300 / T26 / T27 / TX106 / TX109 / TX117 / TX119","RESEARCHED — needs confirmation","",""
"Epson T0923 Magenta","EPS-T0923-M","Epson","Stylus C51 / C91 / CX4300 / T26 / T27 / TX106 / TX109 / TX117 / TX119","RESEARCHED — needs confirmation","",""
"Epson T0922 Cyan","EPS-T0922-C","Epson","Stylus C51 / C91 / CX4300 / T26 / T27 / TX106 / TX109 / TX117 / TX119","RESEARCHED — needs confirmation","",""
"Epson T0921 Black","EPS-T0921-K","Epson","Stylus C51 / C91 / CX4300 / T26 / T27 / TX106 / TX109 / TX117 / TX119","RESEARCHED — needs confirmation","",""
"Generic Brother LC-679 XL Black","BRO-LC679XL-K","Brother","MFC-J2320 / J2720","RESEARCHED — needs confirmation","",""
"Generic Brother LC-539 XL Black","BRO-LC539XL-K","Brother","DCP-J100 / J105 / MFC-J200","RESEARCHED — needs confirmation","",""
