"Product Name","SKU(s)","Printer Brand","Compatible Models (parsed)","Client: Correct? (Y/N)","Client: Notes"
"Canon T10","CAN-T10-K / CAN-T10-C / CAN-T10-M / CAN-T10-Y","Canon","Image Class XMF1538 / LBP1538 Image Runner C1533 / C1538","",""
"Brother TN 279XL","BRO-TN279XL-K / BRO-TN279XL-C / BRO-TN279XL-M / BRO-TN279XL-Y","Brother","HL-L3280CDW / DCP-L3520cdw / MFC-L3720cdw / L8390CDW","",""
"Canon 064H","CAN-064H-K / CAN-064H-C / CAN-064H-M / CAN-064H-Y","Canon","MF735cx / MF832Cdw / LBP722Cdw","",""
"Canon 067H","CAN-067H-K / CAN-067H-C / CAN-067H-M / CAN-067H-Y","Canon","MF654 / MF651 / MF655cdw / 656cdw / 657cdw","",""
"Canon 069H","CAN-069H-K / CAN-069H-C / CAN-069H-M / CAN-069H-Y","Canon","673Cdw / 674Cx / 752Cd / 756Cx","",""
"HP 222A","HP-222A-K / HP-222A-C / HP-222A-M / HP-222A-Y","HP","Pro 3288dw / 3388sdw / 3388fdn / 3388fdw","",""
"Pantum CTL 2000H","PAN-CTL2000H-K / PAN-CTL2000H-C / PAN-CTL2000H-M / PAN-CTL2000H-Y","Pantum","CP1100 / CM1100","",""
"Brother TN 279","BRO-TN279-K / BRO-TN279-C / BRO-TN279-M / BRO-TN279-Y","Brother","HL-L3280CDW / DCP-L3520cdw / MFC-L3720cdw","",""
"HP 655A","HP-655A-K / HP-655A-C / HP-655A-M / HP-655A-Y","HP","Laserjet Enterprise MMG652dn / MMG653 / MMG681","",""
"HP 230A","HP-230A-K / HP-230A-C / HP-230A-M / HP-230A-Y","HP","Pro MFP 4203dn / MFP 4303dn","",""
"HP 216A","HP-216A-K / HP-216A-C / HP-216A-M / HP-216A-Y","HP","Pro MFP M182 / 183 / M155","",""
"GI-46","GI-4-K / GI-4-C / GI-4-M / GI-4-Y","Canon","MAXIFY GX7040 / 6040","",""
"HP 728","HP-728-K / HP-728-C / HP-728-M / HP-728-Y","HP","T730 & T830","",""
"HP 653A","HP-653A-C / HP-653A-M / HP-653A-Y","HP","Enterprise M651 / M680","",""
"HP 212A","HP-212A-K / HP-212A-C / HP-212A-M / HP-212A-Y","HP","Enterprise M555dn / M554 / M578","",""
"HP 305 XL","HP-305XL-K / HP-305XL-CLR","HP","HP","",""
"Canon 067","CAN-067-K / CAN-067-C / CAN-067-M / CAN-067-Y","Canon","MF654 / MF651 / MF655cdw / 656cdw / 657cdw","",""
"Epson 103","EPS-103-K / EPS-103-C / EPS-103-M / EPS-103-Y","Epson","Eco Tank L1110 / 3150 / 3110","",""
"Epson 101","EPS-101-K / EPS-101-C / EPS-101-M / EPS-101-Y","Epson","Eco Tank L6160 / 6190 / 4260 / 6260 / 14150","",""
"Canon 069","CAN-069-K / CAN-069-C / CAN-069-M / CAN-069-Y","Canon","LBP674 / MF751 / MF753CDW","",""
"Canon 055","CAN-055-K / CAN-055-C / CAN-055-M / CAN-055-Y","Canon","MF742 / 744 / 746","",""
"Ricoh SP C430","RIC-SPC430-K / RIC-SPC430-C / RIC-SPC430-M / RIC-SPC430-Y","Ricoh","SP C430 / SP C431","",""
"Ricoh MP C2003","RIC-MPC2003-K / RIC-MPC2003-C / RIC-MPC2003-M / RIC-MPC2003-Y","Ricoh","MP C2003 / MP C2011 / MP C2503","",""
"Ricoh MP C2503","RIC-MPC2503-K / RIC-MPC2503-C / RIC-MPC2503-M / RIC-MPC2503-Y","Ricoh","MP C2003 / MP C2011 / MP C2503","",""
"Brother TN 469","BRO-TN469-K / BRO-TN469-C / BRO-TN469-M / BRO-TN469-Y","Brother","Brother HL-8360CDW / MFC-8690CDW / MFC-9570CDW","",""
"Kyocera TK 5270","KYO-TK5270-K / KYO-TK5270-C / KYO-TK5270-M / KYO-TK5270-Y","Kyocera","Ecosys M6230 / M6630 / P6230","",""
"Pantum CTL 1100","PAN-CTL1100-K / PAN-CTL1100-C / PAN-CTL1100-M / PAN-CTL1100-Y","Pantum","CP1100 / CM1100","",""
"Canon EXV 49","CAN-EXV49-K / CAN-EXV49-C / CAN-EXV49-M / CAN-EXV49-Y","Canon","C3325 / C3320 / C3330 / C3520 / C3525","",""
"Ricoh MP C2011","RIC-MPC2011-K / RIC-MPC2011-C / RIC-MPC2011-M / RIC-MPC2011-Y","Ricoh","MP C2003 / MP C2011 / MP C2503","",""
"Ricoh MP 306","RIC-MP306-K / RIC-MP306-C / RIC-MP306-M / RIC-MP306-Y","Ricoh","MP C306 / MP C406 / MP C307 / MP C407","",""
"Konica Minolta TN 321","KM-TN321-K / KM-TN321-C / KM-TN321-M / KM-TN321-Y","Konica Minolta","Bizhub C224 / C224e / C284 / C284e / C364 / C364e / C227 / C287","",""
"Konica Minolta TN 512","KM-TN512-K / KM-TN512-C / KM-TN512-M / KM-TN512-Y","Konica Minolta","454 E / 554 E / C 258 / C 308 / C 368 / C 454 / bizhub C454 / C454e / C554 / C554e","",""
"Konica Minolta TN 328","KM-TN328-K / KM-TN328-C / KM-TN328-M / KM-TN328-Y","Konica Minolta","Bizhub C224 / C284 / C364 / C364E / C224E / C284E / MF222 / MF282 / MF362","",""
"HP 415A","HP-415A-K / HP-415A-C / HP-415A-M / HP-415A-Y","HP","HP Colour LaserJet Enterprise M455dn / HP Colour LaserJet Pro M454dn / HP Colour LaserJet Pro M454dw","",""
"HP 117A","HP-117A-K / HP-117A-C / HP-117A-M / HP-117A-Y","HP","HP Color Laser MFP 179fnw / 178nw / HP Color LAzer 150a150w","",""
"Brother TN 277","BRO-TN277-K / BRO-TN277-C / BRO-TN277-M / BRO-TN277-Y","Brother","MFC-L3750CDW / DCP-L3551CDW / HL-3210CW","",""
"Kyocera TK 5240","KYO-TK5240-K / KYO-TK5240-C / KYO-TK5240-M / KYO-TK5240-Y","Kyocera","Ecosys M5526cdw / P5026cdw / Ecosys M5526cdn / P5026cdn","",""
"Canon 054","CAN-054-K / CAN-054-C / CAN-054-M / CAN-054-Y","Canon","MF645CX","",""
"HP 953 XL","HP-953XL-K / HP-953XL-C / HP-953XL-M / HP-953XL-Y","HP","HP Officejet 8200 / 8700 Series","",""
"HP 652 XL","HP-652XL-K / HP-652XL-CLR","HP","HP Ink Advantage 3635 / 3835 / 4535","",""
"HP 123 XL","HP-123XL-K / HP-123XL-CLR","HP","HP 2130 / 2131","",""
"Samsung CLT-506L","SAM-CLT506L-K / SAM-CLT506L-C / SAM-CLT506L-M / SAM-CLT506L-Y","Samsung","CLP 680 / CLX 6260","",""
"Samsung CLT-504","SAM-CLT504-K / SAM-CLT504-C / SAM-CLT504-M / SAM-CLT504-Y","Samsung","CLP415 / CLX4195 / C1860","",""
"Samsung CLT-409","SAM-CLT409-K / SAM-CLT409-C / SAM-CLT409-M / SAM-CLT409-Y","Samsung","CLP310 / 315","",""
"Samsung CLT-407","SAM-CLT407-K / SAM-CLT407-C / SAM-CLT407-M / SAM-CLT407-Y","Samsung","CLP320 / 325 / CLX3185","",""
"Samsung CLT-406","SAM-CLT406-K / SAM-CLT406-C / SAM-CLT406-M / SAM-CLT406-Y","Samsung","CLP365 / CLX3305 / C410 / C460","",""
"Samsung CLT-404","SAM-CLT404-K / SAM-CLT404-C / SAM-CLT404-M / SAM-CLT404-Y","Samsung","C430 / C480","",""
"Canon 045","CAN-045-K / CAN-045-C / CAN-045-M / CAN-045-Y","Canon","MF632 / 634 / 635 / LBP611 / 613","",""
"Canon 731","CAN-731-K / CAN-731-C / CAN-731-M / CAN-731-Y","Canon","MF628 / 8280 / LBP7100","",""
"Canon 729","CAN-729-K / CAN-729-C / CAN-729-M / CAN-729-Y","Canon","LBP 7000 Series","",""
"Canon 718","CAN-718-K / CAN-718-C / CAN-718-M / CAN-718-Y","Canon","MF8300 Series / LBP7200 / 7600","",""
"Canon 716","CAN-716-K / CAN-716-C / CAN-716-M / CAN-716-Y","Canon","LBP5050 / MF8030 / 8040 / 8050 / 8080","",""
"Brother TN369","BRO-TN369-K / BRO-TN369-C / BRO-TN369-M / BRO-TN369-Y","Brother","HL L8350 / MFC L8600 / L8850","",""
"Generic Brother TN265","BRO-TN265-C / BRO-TN265-M / BRO-TN265-Y","Brother","HL3150 / 3170 / MFC9140 / 9330","",""
"Generic Brother TN348","BRO-TN348-K / BRO-TN348-C / BRO-TN348-M / BRO-TN348-Y","Brother","MFC9460 / 9970 / HL4150","",""
"Generic Brother TN240","BRO-TN240-K / BRO-TN240-C / BRO-TN240-M / BRO-TN240-Y","Brother","MFC9120 / 9320 / HL3040","",""
"Brother TN 2500XL","BRO-TN2500XL","Brother","MFC-L2800DW / L2827DWXL / L2860DWE / DCP-L2660 / L2627DWE","",""
"HP 136X","HP-136X","HP","M211d / M236d / M236sdw","",""
"Brother TN 3607XXL","BRO-TN3607XXL","Brother","MFC-L5710 / HL-L5210 / 6210 / 5510 / 6710 / 6910","",""
"HP CF289X","HP-CF289X","HP","Enterprise M507 / 528","",""
"HP 120A Drum Unit","HP-120ADRUMUNIT","HP","150 / MFP178 / MFP179","",""
"OKI B432","OKI-B432","OKI","B412dn / B432dn / B512dn / MB492 / MB472","",""
"Canon 056","CAN-056","Canon","LBP320 / 325 / MF540 Series / M542 / MF543 / MF441 / 443 / 449dw","",""
"Canon 056H","CAN-056H","Canon","LBP320 / 325 / MF540 Series / M542 / MF543 / MF441 / 443 / 449","",""
"HP CF289A","HP-CF289A","HP","Enterprise M507 / 528","",""
"HP 145A","HP-145A","HP","Pro 3003 / MFP3103","",""
"HP 105A","HP-105A","HP","107a / 107r / 107w / 135a / 137fnw","",""
"Canon 070H","CAN-070H","Canon","LBP243 / 246 / 244 / 241 MF461 / 463 / 465 / 467","",""
"Canon T06","CAN-T06","Canon","iR1643i & iR1643iF","",""
"HP 150A","HP-150A","HP","M111a / 141a / 140a / 139(150A)","",""
"HP 147A","HP-147A","HP","Enterprise M610 / M611 / M634 / M635 / M636","",""
"Pantum TL5120H","PAN-TL5120H","Pantum","BP5100","",""
"Pantum DL-5120","PAN-DL5120","Pantum","BP5100 / P3300 / BM5100","",""
"Brother DR3405","BRO-DR3405","Brother","HL-L5200 / 6200 / MFC L5700DN","",""
"Brother DR 3607","BRO-DR3607","Brother","HL-L5210 / 6210 / MFC L6710","",""
"Brother TN 3607","BRO-TN3607","Brother","MFC-L5710 / HL-L5210 / 6210","",""
"HP CF325X","HP-CF325X","HP","M806 / M830","",""
"HP CF259X","HP-CF259X","HP","M304 / 404 / 428 / 430","",""
"Canon 057H","CAN-057H","Canon","LBP226DW / 223DW / MF443DW","",""
"Canon 071H","CAN-071H","Canon","LBP120dw / 122dw / MF272 / MF275","",""
"HP 136A","HP-136A","HP","M209 / M211dw / M233 / M234 / M236","",""
"HP 151X","HP-151X","HP","Pro MFP 4103fdw / Pro 4003dw","",""
"HP 151A","HP-151A","HP","Pro MFP 4103dw / Pro 4003dn","",""
"Kyocera TK 1140","KYO-TK1140","Kyocera","ECOSYS FS1035 / 1135 / M2035 / M2535","",""
"Kyocera TK 6305","KYO-TK6305","Kyocera","Ecosys 3500","",""
"Pantum TL5120","PAN-TL5120","Pantum","BP5100","",""
"Ricoh 1270D","RIC-1270D","Ricoh","MP 201 / MP 161 / MP 171","",""
"Kyocera TK 7125","KYO-TK7125","Kyocera","Taskalfa 3212","",""
"HP CF287A","HP-CF287A","HP","Laserjet Pro M501 / Enterprise M527","",""
"HP CF237A","HP-CF237A","HP","Enterprise M607 / M608","",""
"HP CE390A","HP-CE390A","HP","Enterprise M4555f / Enterprise 600 Series","",""
"HP Q5949X","HP-Q5949X","HP","1320","",""
"Canon 049","CAN-049","Canon","MF112 / MF113 / LBP113w","",""
"Canon 047","CAN-047","Canon","MF112 / MF113 / LBP113w","",""
"HP CE314A Drum","HP-CE314ADRUM","HP","Pro 100 M175 / M275 / CP1025","",""
"HP CF232A Drum Unit","HP-CF232ADRUMUNIT","HP","M203 / M227","",""
"HP 207A Yellow W2212","HP-207AYELLOWW2212","HP","M255DW / M282NW / M283FDN","",""
"HP 207A Magenta W2213","HP-207AMAGENTAW2213","HP","M255DW / M282NW / M283FDN","",""
"HP 207A Cyan W2211","HP-207ACYANW2211","HP","M255DW / M282NW / M283FDN","",""
"HP Q5949A","HP-Q5949A","HP","1160 / 1320 / P2014 / P2015 / M2727","",""
"Pantum PC252H","PAN-PC252H","Pantum","P2512","",""
"Pantum DL425X","PAN-DL425X","Pantum","M7105 / P3305","",""
"Pantum DL410","PAN-DL410","Pantum","P3010 / P3300 / M6700 / M7100","",""
"Pantum TL425X","PAN-TL425X","Pantum","M7105 / P3305","",""
"Canon 071","CAN-071","Canon","LBP122 / MF272 / MF275","",""
"Kyocera TK 3060","KYO-TK3060","Kyocera","Ecosys M3145 / 3645","",""
"Kyocera TK 6115","KYO-TK6115","Kyocera","Ecosys M4125 / M4132","",""
"HP 207A Black W2210","HP-207ABLACKW2210","HP","M255DW / M282NW / M283FDN","",""
"Canon 057","CAN-057","Canon","LBP226DW / 223DW / MF443DW","",""
"Kyocera TK 3130","KYO-TK3130","Kyocera","Kyocera Mita FS-4200DN / FS-4300DN / Ecosys M3550idn / M3560idn","",""
"Ricoh SP 311","RIC-SP311","Ricoh","SP 311HE SP 311SFN / SP 311SFNw / 325","",""
"Kyocera TK 4105","KYO-TK4105","Kyocera","TASKalfa 1800 / TASKalfa 2200 / TASKalfa 1801 / TASKalfa 2201","",""
"Kyocera TK 3100","KYO-TK3100","Kyocera","Kyocera Mita FS-2100DN / FS-2100D / ECOSYS M3040dn / ECOSYS M3540dn","",""
"Kyocera TK 1170","KYO-TK1170","Kyocera","ECOSYS M2040dn / M2540dn / M2640idw","",""
"Ricoh MP 301","RIC-MP301","Ricoh","MP 301SP / MP 301SPF / Ricoh MP301SP / MP301SPF","",""
"Pantum PC310H","PAN-PC310H","Pantum","P3100DL / 3255DN","",""
"Pantum PC210H","PAN-PC210H","Pantum","P2200 / P2500 / M6500 / M6600","",""
"Pantum TL410X","PAN-TL410X","Pantum","P3300 / M7100 / M7200 Series","",""
"HP CE255X","HP-CE255X","HP","P3010 / 3015","",""
"HP CF259A","HP-CF259A","HP","M304 / 404","",""
"HP 106A","HP-106A","HP","107A / 135A / 137A","",""
"HP 106X","HP-106X","HP","107A / 135A / 137A","",""
"Canon 052 Black High Capacity","CAN-052BLACKHIGHCAPACITY","Canon","MF424 / 426 / 429 / LBP214 / 215","",""
"Brother TN 1000","BRO-TN1000","Brother","HL-1210 / DCP-1610 / MFC 1910","",""
"Brother DR 1000","BRO-DR1000","Brother","HL-1210 / DCP-1610 / MFC 1910","",""
"Brother TN 2355","BRO-TN2355","Brother","HL-L2365 / MFC L2740","",""
"Brother DR 2305","BRO-DR2305","Brother","HL-L2365 / MFC L2740","",""
"Brother TN 2060","BRO-TN2060","Brother","HL-2130 / DCP-7055","",""
"Generic Brother DR-2255","BRO-DR2255","Brother","HL-2130 / 2270 / MFC 7360 / 7860","",""
"Brother TN 2280","BRO-TN2280","Brother","MFC 7360 / MFC 7860 / HL 2270","",""
"Brother TN 3467","BRO-TN3467","Brother","HL-L5700 / 5900","",""
"Generic Brother TN-3185","BRO-TN3185","Brother","HL-5240 / 5250 / 5270 / MFC8460 / 8860","",""
"Generic Brother TN-2150","BRO-TN2150","Brother","DCP7030 / MFC7320 / 7440 / HL 2140 / 2150","",""
"Brother TN 3290","BRO-TN3290","Brother","HL-5340 / 5350 / 5380 / MFC8370 / 8380","",""
"Generic Brother TN-3350","BRO-TN3350","Brother","DCP8100 / 8200 Series / HL 5400 Series","",""
"Samsung MLT 111L","SAM-MLT111L","Samsung","M2020 / 2070","",""
"Samsung MLT-D101S","SAM-MLTD101S","Samsung","ML2160 / SCX3405","",""
"Samsung MLT-D104S","SAM-MLTD104S","Samsung","ML 1660 / 1670 / 1860 / SCX 3200","",""
"Samsung MLT-D105L","SAM-MLTD105L","Samsung","ML1910 / ML2525 / SCX4623","",""
"Samsung MLT-D116L","SAM-MLTD116L","Samsung","M2675 / 2825 / 2875","",""
"Samsung R116 Drum Unit","SAM-R116DRUMUNIT","Samsung","M2675 / 2825 / 2875","",""
"Samsung MLT-D117S","SAM-MLTD117S","Samsung","SCX 4650 / 4655 / 4656","",""
"Samsung MLT 119","SAM-MLT119","Samsung","SCX4521 / ML1610 / ML2010","",""
"Samsung MLT-D203L","SAM-MLTD203L","Samsung","Pro Express M3320 / 3370 / 4020 / 4070","",""
"Samsung MLT-D205L","SAM-MLTD205L","Samsung","ML3310 / 3710 / SCX4833","",""
"Samsung MLT-D208L","SAM-MLTD208L","Samsung","SCX 5835 / 5635","",""
"Samsung MLT-D209L","SAM-MLTD209L","Samsung","ML2855 / SCX4824 / 4828","",""
"HP CE285A","HP-CE285A","HP","P1102 / M1212 / 1217 / P1005 / 1006 / M1120 / 1522","",""
"HP CF217A","HP-CF217A","HP","M102 / M130","",""
"HP CF226X","HP-CF226X","HP","M402 / M426","",""
"HP CF226A","HP-CF226A","HP","M402 / M426","",""
"HP CF283X","HP-CF283X","HP","M225","",""
"HP CF283A","HP-CF283A","HP","M127 / M225","",""
"HP CF280X","HP-CF280X","HP","Pro 400 M401 / M425","",""
"HP CF280A","HP-CF280A","HP","Pro 400 M401 / M425","",""
"HP CE278A","HP-CE278A","HP","Pro M1536 / P1566","",""
"HP Q2612A","HP-Q2612A","HP","1018 / 1020","",""
"HP CF230X","HP-CF230X","HP","M203","",""
"HP CF219A Drum Unit","HP-CF219ADRUMUNIT","HP","M102 / M130","",""
"HP CF214X","HP-CF214X","HP","Enterprise 700 M712 / M725","",""
"HP CF281A","HP-CF281A","HP","Enterprise M604 / M605","",""
"HP CE505X","HP-CE505X","HP","P2055","",""
"HP CE505A","HP-CE505A","HP","P2035 / 2055","",""
"HP CE255A","HP-CE255A","HP","P3015","",""
"HP Q7551A","HP-Q7551A","HP","P3005 / M3027 / M3035","",""
"HP Q7553X","HP-Q7553X","HP","P2015 / M2727","",""
"HP Q7553A","HP-Q7553A","HP","1160 / 1320 / P2014 / P2015 / M2727","",""
"HP C 15/13/24A","HP-C151324A","HP","1000 / 1200 / 1300 / 1150 / q2613a","",""
"Samsung MLT-D109S","SAM-MLTD109S","Samsung","SCX4300","",""
"Samsung MLT-D108S","SAM-MLTD108S","Samsung","ML1640","",""
"Samsung MLT-D103L","SAM-MLTD103L","Samsung","ML2955 / SCX4726 / 4729","",""
"Canon 728","CAN-728","Canon","MF4410 / 4430 / 4450 / 4730 / 4750","",""
"Canon 737","CAN-737","Canon","MF211 / 212 / 216 / 217 / 237 / 226","",""
"Canon 725","CAN-725","Canon","LBP6000 / 6020 / 6030 / MF3010","",""
"Canon 726","CAN-726","Canon","MF4410 / 4412 / 4420 / 4450 / 4550","",""
"Canon 713","CAN-713","Canon","LBP3250","",""
"Canon 712","CAN-712","Canon","LBP3010 / 3100","",""
"Canon EP-27","CAN-EP27","Canon","MF3110 / 3220 / 5770 / LBP3200","",""
"Canon 703","CAN-703","Canon","LBP2900 / 3000","",""
"Canon FX-10","CAN-FX10","Canon","L95 / L100 / L120","",""
"Xerox 3117","XER-3117","Xerox","Phaser 3117 / 3122 / 3124 / 3125","",""
"Xerox 3010/3040/3045","XER-301030403045","Xerox","Phaser 3010 / 3040 / WorkCentre 3045","",""
"Xerox 3100","XER-3100","Xerox","Phaser 3100","",""
"Xerox 3140","XER-3140","Xerox","Phaser 3140 / 3155 / 3160","",""
"Xerox 3200","XER-3200","Xerox","Phaser 3200","",""
"Lexmark E250","LEX-E250","Lexmark","E250","",""
"Lexmark E260","LEX-E260","Lexmark","E260","",""
"Lexmark E120","LEX-E120","Lexmark","E120","",""
"Generic Brother TN-2025","BRO-TN2025","Brother","Fax2820 / 2920 / HL2030 / 2040 / 2070","",""
"HP 652A Black","HP-652A-K","HP","Enterprise M651 / M680","",""
"Canon 052 Black","CAN-052-K","Canon","MF424 / 426 / 429 / LBP214 / 215","",""
"HP CF543A Magenta","HP-CF543A-M","HP","Pro M254","",""
"HP CF542A Yellow","HP-CF542A-Y","HP","Pro M254","",""
"HP CF541A Cyan","HP-CF541A-C","HP","Pro M254","",""
"HP CF540A Black","HP-CF540A-K","HP","Pro M254","",""
"HP CF533A Magenta","HP-CF533A-M","HP","Pro M154 / M180","",""
"HP CF532A Yellow","HP-CF532A-Y","HP","Pro M154 / M180","",""
"HP CF531A Cyan","HP-CF531A-C","HP","Pro M154 / M180","",""
"HP CF530A Black","HP-CF530A-K","HP","Pro M154 / M180","",""
"HP CF413A Magenta","HP-CF413A-M","HP","Pro M452 / M377 / M477","",""
"HP CF412A Yellow","HP-CF412A-Y","HP","Pro M452 / M377 / M477","",""
"HP CF411A Cyan","HP-CF411A-C","HP","Pro M452 / M377 / M477","",""
"HP CF410A Black","HP-CF410A-K","HP","Pro M452 / M377 / M477","",""
"HP CF403A Magenta","HP-CF403A-M","HP","M252 / M277","",""
"HP CF402A Yellow","HP-CF402A-Y","HP","M252 / M277","",""
"HP CF401A Cyan","HP-CF401A-C","HP","M252 / M277","",""
"HP CF400A Black","HP-CF400A-K","HP","M252 / M277","",""
"HP CE253A Magenta","HP-CE253A-M","HP","CP3520 / 3525 / 3530","",""
"HP CE252A Yellow","HP-CE252A-Y","HP","CP3520 / 3525 / 3530","",""
"HP CE251A Cyan","HP-CE251A-C","HP","CP3520 / 3525 / 3530","",""
"HP CE250A Black","HP-CE250A-K","HP","CP3520 / 3525 / 3530","",""
"HP CE403A Magenta","HP-CE403A-M","HP","Enterprise 500 M575 / M551","",""
"HP CE402A Yellow","HP-CE402A-Y","HP","Enterprise 500 M575 / M551","",""
"HP CE401A Cyan","HP-CE401A-C","HP","Enterprise 500 M575 / M551","",""
"HP CE400A Black","HP-CE400A-K","HP","Enterprise 500 M575 / M551","",""
"HP CF353A Magenta","HP-CF353A-M","HP","Pro M176 / M177","",""
"HP CF352A Yellow","HP-CF352A-Y","HP","Pro M176 / M177","",""
"HP CF351A Cyan","HP-CF351A-C","HP","Pro M176 / M177","",""
"HP CF350A Black","HP-CF350A-K","HP","Pro M176 / M177","",""
"HP CE313A Magenta","HP-CE313A-M","HP","Pro 100 M175 / M275 / CP1025","",""
"HP CE312A Yellow","HP-CE312A-Y","HP","Pro 100 M175 / M275 / CP1025","",""
"HP CE311A Cyan","HP-CE311A-C","HP","Pro 100 M175 / M275 / CP1025","",""
"HP CE310A Black","HP-CE310A-K","HP","Pro 100 M175 / M275 / CP1025","",""
"HP CE413A Magenta","HP-CE413A-M","HP","Pro M351 / 375 / 451","",""
"HP CE412A Yellow","HP-CE412A-Y","HP","Pro M351 / 375 / 451","",""
"HP CE411A Cyan","HP-CE411A-C","HP","Pro M351 / 375 / 451","",""
"HP CE410A Black","HP-CE410A-K","HP","Pro M351 / 375 / 451","",""
"HP CC533A Magenta","HP-CC533A-M","HP","CM2025 / CM2320","",""
"HP CC532A Yellow","HP-CC532A-Y","HP","CM2025 / CM2320","",""
"HP CC531A Cyan","HP-CC531A-C","HP","CM2025 / CM2320","",""
"HP CC530A Black","HP-CC530A-K","HP","CM2025 / CM2320","",""
"HP CF210X Black","HP-CF210X-K","HP","Pro 200 M251 / M276","",""
"HP CF213A Magenta","HP-CF213A-M","HP","Pro 200 M251 / M276","",""
"HP CF212A Yellow","HP-CF212A-Y","HP","Pro 200 M251 / M276","",""
"HP CF211A Cyan","HP-CF211A-C","HP","Pro 200 M251 / M276","",""
"HP CF210A Black","HP-CF210A-K","HP","Pro 200 M251 / M276","",""
"HP CE323A Magenta","HP-CE323A-M","HP","Pro CP1525 / CM1415","",""
"HP CE322A Yellow","HP-CE322A-Y","HP","Pro CP1525 / CM1415","",""
"HP CE321A Cyan","HP-CE321A-C","HP","Pro CP1525 / CM1415","",""
"HP CE320A Black","HP-CE320A-K","HP","Pro CP1525 / CM1415","",""
"HP CB543A Magenta","HP-CB543A-M","HP","CP1215 / 1515 / 1518 / CM1312","",""
"HP CB542A Yellow","HP-CB542A-Y","HP","CP1215 / 1515 / 1518 / CM1312","",""
"HP CB541A Cyan","HP-CB541A-C","HP","CP1215 / 1515 / 1518 / CM1312","",""
"HP CB540A Black","HP-CB540A-K","HP","CP1215 / 1515 / 1518 / CM1312","",""
"Canon CL 446 XL Colour","CAN-CL446XL-CLR","Canon","MG 2440 / MX 494","",""
"Canon PG 445 XL Black","CAN-PG445XL-K","Canon","MG 2440 / MX 494","",""
"Canon 731 High Yield Black","CAN-731HIGHYIELD-K","Canon","MF628 / 8280 / LBP7100","",""
"Canon 719 Black","CAN-719-K","Canon","LBP6300 / MF5840 / 5880","",""
"Generic Brother TN261 Black","BRO-TN261-K","Brother","HL3150 / 3170 / MFC9140 / 9330","",""